date,y
2015-01-01,551814.0
2015-01-02,1538946.0
2015-01-03,1150162.0
2015-01-04,930805.0
2015-01-05,1651540.0
2015-01-06,592810.0
2015-01-07,1651108.0
2015-01-08,1827301.0
2015-01-09,1879090.0
2015-01-10,1145456.0
2015-01-11,783440.0
2015-01-12,1882716.0
2015-01-13,1893627.0
2015-01-14,1932888.0
2015-01-15,1974177.0
2015-01-16,1981317.0
2015-01-17,1139769.0
2015-01-18,731424.0
2015-01-19,1884907.0
2015-01-20,1904541.0
2015-01-21,1922739.0
2015-01-22,1924720.0
2015-01-23,1955571.0
2015-01-24,1105949.0
2015-01-25,765929.0
2015-01-26,1860529.0
2015-01-27,1891529.0
2015-01-28,1954836.0
2015-01-29,1972760.0
2015-01-30,1943467.0
2015-01-31,1270287.0
2015-02-01,820040.0
2015-02-02,1897772.0
2015-02-03,1942664.0
2015-02-04,1976085.0
2015-02-05,1978317.0
2015-02-06,1996054.0
2015-02-07,1123670.0
2015-02-08,789916.0
2015-02-09,1907876.0
2015-02-10,1967070.0
2015-02-11,1976167.0
2015-02-12,2006199.0
2015-02-13,1954183.0
2015-02-14,1224936.0
2015-02-15,813085.0
2015-02-16,1935536.0
2015-02-17,1970729.0
2015-02-18,2007186.0
2015-02-19,1999452.0
2015-02-20,2030249.0
2015-02-21,1139834.0
2015-02-22,791743.0
2015-02-23,1922406.0
2015-02-24,1971275.0
2015-02-25,1978455.0
2015-02-26,1996718.0
2015-02-27,2061668.0
2015-02-28,1178802.0
2015-03-01,874269.0
2015-03-02,1940005.0
2015-03-03,1989811.0
2015-03-04,2032560.0
2015-03-05,2034485.0
2015-03-06,2070666.0
2015-03-07,1171371.0
2015-03-08,850832.0
2015-03-09,1940951.0
2015-03-10,2024352.0
2015-03-11,2017285.0
2015-03-12,2029901.0
2015-03-13,2042462.0
2015-03-14,1171999.0
2015-03-15,830603.0
2015-03-16,1943988.0
2015-03-17,2009911.0
2015-03-18,2065380.0
2015-03-19,787515.0
2015-03-20,1852046.0
2015-03-21,1125402.0
2015-03-22,772184.0
2015-03-23,1961236.0
2015-03-24,1973216.0
2015-03-25,2027212.0
2015-03-26,2036899.0
2015-03-27,1860100.0
2015-03-28,1067890.0
2015-03-29,798520.0
2015-03-30,1522332.0
2015-03-31,1526976.0
2015-04-01,1437877.0
2015-04-02,778134.0
2015-04-03,765313.0
2015-04-04,844782.0
2015-04-05,782805.0
2015-04-06,1583837.0
2015-04-07,1965710.0
2015-04-08,1999779.0
2015-04-09,2023060.0
2015-04-10,2061002.0
2015-04-11,1188782.0
2015-04-12,833705.0
2015-04-13,1964628.0
2015-04-14,2041795.0
2015-04-15,2029459.0
2015-04-16,2032058.0
2015-04-17,2062434.0
2015-04-18,1219189.0
2015-04-19,848985.0
2015-04-20,1966119.0
2015-04-21,2005331.0
2015-04-22,2055017.0
2015-04-23,2065665.0
2015-04-24,2057846.0
2015-04-25,1211055.0
2015-04-26,870945.0
2015-04-27,1960289.0
2015-04-28,2004084.0
2015-04-29,2039637.0
2015-04-30,2104880.0
2015-05-01,882522.0
2015-05-02,971216.0
2015-05-03,778074.0
2015-05-04,1927429.0
2015-05-05,1984502.0
2015-05-06,2023313.0
2015-05-07,2036834.0
2015-05-08,2091030.0
2015-05-09,1245605.0
2015-05-10,926730.0
2015-05-11,1946744.0
2015-05-12,1992859.0
2015-05-13,2054193.0
2015-05-14,2046599.0
2015-05-15,1153412.0
2015-05-16,1075938.0
2015-05-17,826929.0
2015-05-18,1919889.0
2015-05-19,1977643.0
2015-05-20,1992768.0
2015-05-21,2011557.0
2015-05-22,2047054.0
2015-05-23,1151371.0
2015-05-24,807846.0
2015-05-25,1890765.0
2015-05-26,1952552.0
2015-05-27,1981834.0
2015-05-28,1989063.0
2015-05-29,2001712.0
2015-05-30,1148096.0
2015-05-31,878305.0
2015-06-01,1901754.0
2015-06-02,1970774.0
2015-06-03,2000050.0
2015-06-04,893542.0
2015-06-05,1731486.0
2015-06-06,1022632.0
2015-06-07,790182.0
2015-06-08,1857255.0
2015-06-09,1923424.0
2015-06-10,1923524.0
2015-06-11,1935614.0
2015-06-12,1956120.0
2015-06-13,1131283.0
2015-06-14,842338.0
2015-06-15,1852907.0
2015-06-16,1878837.0
2015-06-17,1889909.0
2015-06-18,1891290.0
2015-06-19,1874425.0
2015-06-20,1046127.0
2015-06-21,793807.0
2015-06-22,1797562.0
2015-06-23,1831014.0
2015-06-24,1831640.0
2015-06-25,1841553.0
2015-06-26,1824511.0
2015-06-27,986366.0
2015-06-28,751843.0
2015-06-29,1740376.0
2015-06-30,1777459.0
2015-07-01,1795051.0
2015-07-02,1780537.0
2015-07-03,1775645.0
2015-07-04,1117930.0
2015-07-05,762044.0
2015-07-06,1696480.0
2015-07-07,1703598.0
2015-07-08,1713224.0
2015-07-09,1683506.0
2015-07-10,1665605.0
2015-07-11,920392.0
2015-07-12,706633.0
2015-07-13,1603330.0
2015-07-14,1627054.0
2015-07-15,1631949.0
2015-07-16,1613456.0
2015-07-17,1561364.0
2015-07-18,851378.0
2015-07-19,677230.0
2015-07-20,1506628.0
2015-07-21,1528997.0
2015-07-22,1535621.0
2015-07-23,1534705.0
2015-07-24,1477093.0
2015-07-25,820265.0
2015-07-26,645666.0
2015-07-27,1433331.0
2015-07-28,1452090.0
2015-07-29,1466286.0
2015-07-30,1460318.0
2015-07-31,1393147.0
2015-08-01,769881.0
2015-08-02,609634.0
2015-08-03,1165769.0
2015-08-04,1177906.0
2015-08-05,1174220.0
2015-08-06,1152504.0
2015-08-07,1131873.0
2015-08-08,721451.0
2015-08-09,581369.0
2015-08-10,1074852.0
2015-08-11,1078639.0
2015-08-12,1081514.0
2015-08-13,1069083.0
2015-08-14,1053905.0
2015-08-15,657797.0
2015-08-16,567764.0
2015-08-17,1028269.0
2015-08-18,1082739.0
2015-08-19,1065021.0
2015-08-20,1056605.0
2015-08-21,1030741.0
2015-08-22,686711.0
2015-08-23,558034.0
2015-08-24,1085215.0
2015-08-25,1126517.0
2015-08-26,1151660.0
2015-08-27,1166591.0
2015-08-28,1177558.0
2015-08-29,781069.0
2015-08-30,618149.0
2015-08-31,1291588.0
2015-09-01,1532972.0
2015-09-02,1600094.0
2015-09-03,1647166.0
2015-09-04,1667631.0
2015-09-05,949714.0
2015-09-06,747919.0
2015-09-07,1691300.0
2015-09-08,1761476.0
2015-09-09,1782168.0
2015-09-10,1825763.0
2015-09-11,1868815.0
2015-09-12,1061985.0
2015-09-13,816697.0
2015-09-14,1766044.0
2015-09-15,1830322.0
2015-09-16,1858276.0
2015-09-17,1865821.0
2015-09-18,1922227.0
2015-09-19,1098627.0
2015-09-20,793254.0
2015-09-21,1831420.0
2015-09-22,1873487.0
2015-09-23,1887785.0
2015-09-24,1910074.0
2015-09-25,1954484.0
2015-09-26,1107694.0
2015-09-27,798336.0
2015-09-28,1871155.0
2015-09-29,1919525.0
2015-09-30,1955724.0
2015-10-01,2030172.0
2015-10-02,2089080.0
2015-10-03,1183376.0
2015-10-04,883901.0
2015-10-05,2018219.0
2015-10-06,2050152.0
2015-10-07,2079160.0
2015-10-08,2096358.0
2015-10-09,2080348.0
2015-10-10,1149521.0
2015-10-11,913273.0
2015-10-12,888462.0
2015-10-13,2040291.0
2015-10-14,2098670.0
2015-10-15,2129849.0
2015-10-16,2183358.0
2015-10-17,1258385.0
2015-10-18,843705.0
2015-10-19,2044469.0
2015-10-20,2079094.0
2015-10-21,2116929.0
2015-10-22,2105987.0
2015-10-23,2158356.0
2015-10-24,1256207.0
2015-10-25,926677.0
2015-10-26,2053947.0
2015-10-27,2109040.0
2015-10-28,2134721.0
2015-10-29,2135868.0
2015-10-30,2189416.0
2015-10-31,1280418.0
2015-11-01,895841.0
2015-11-02,1936987.0
2015-11-03,2137825.0
2015-11-04,2135275.0
2015-11-05,2142017.0
2015-11-06,2116325.0
2015-11-07,1203462.0
2015-11-08,907305.0
2015-11-09,959907.0
2015-11-10,2064448.0
2015-11-11,2101554.0
2015-11-12,2126389.0
2015-11-13,2226096.0
2015-11-14,1231188.0
2015-11-15,888300.0
2015-11-16,2018853.0
2015-11-17,2061233.0
2015-11-18,2062411.0
2015-11-19,2087839.0
2015-11-20,2148421.0
2015-11-21,1225829.0
2015-11-22,865139.0
2015-11-23,2020466.0
2015-11-24,2063251.0
2015-11-25,2111780.0
2015-11-26,2123788.0
2015-11-27,2272170.0
2015-11-28,1360405.0
2015-11-29,936088.0
2015-11-30,2031788.0
2015-12-01,2070873.0
2015-12-02,2127225.0
2015-12-03,2166100.0
2015-12-04,2187435.0
2015-12-05,1360169.0
2015-12-06,1122745.0
2015-12-07,1752892.0
2015-12-08,956365.0
2015-12-09,2069567.0
2015-12-10,2106433.0
2015-12-11,2220978.0
2015-12-12,1390754.0
2015-12-13,991228.0
2015-12-14,2029301.0
2015-12-15,2085480.0
2015-12-16,2128791.0
2015-12-17,2166102.0
2015-12-18,2236353.0
2015-12-19,1412997.0
2015-12-20,998115.0
2015-12-21,1984709.0
2015-12-22,2000203.0
2015-12-23,1826591.0
2015-12-24,900461.0
2015-12-25,506284.0
2015-12-26,1120088.0
2015-12-27,937755.0
2015-12-28,1650411.0
2015-12-29,1713778.0
2015-12-30,1716698.0
2015-12-31,1051559.0
2016-01-01,553616.0
2016-01-02,1121468.0
2016-01-03,874931.0
2016-01-04,1660447.0
2016-01-05,1725975.0
2016-01-06,623749.0
2016-01-07,1633806.0
2016-01-08,1836062.0
2016-01-09,1177017.0
2016-01-10,790207.0
2016-01-11,1935056.0
2016-01-12,1950528.0
2016-01-13,1992603.0
2016-01-14,1997005.0
2016-01-15,2079854.0
2016-01-16,1212909.0
2016-01-17,855177.0
2016-01-18,1951051.0
2016-01-19,1985905.0
2016-01-20,2029201.0
2016-01-21,2053767.0
2016-01-22,2107123.0
2016-01-23,1237676.0
2016-01-24,899099.0
2016-01-25,1932961.0
2016-01-26,1991215.0
2016-01-27,2026167.0
2016-01-28,2045723.0
2016-01-29,2014663.0
2016-01-30,1221743.0
2016-01-31,887358.0
2016-02-01,1977065.0
2016-02-02,2012181.0
2016-02-03,2061611.0
2016-02-04,2066052.0
2016-02-05,2123704.0
2016-02-06,1243904.0
2016-02-07,881880.0
2016-02-08,1872314.0
2016-02-09,2016467.0
2016-02-10,2042804.0
2016-02-11,2066630.0
2016-02-12,2119526.0
2016-02-13,1267683.0
2016-02-14,885345.0
2016-02-15,2000565.0
2016-02-16,2030859.0
2016-02-17,2064409.0
2016-02-18,2074237.0
2016-02-19,2130778.0
2016-02-20,1232872.0
2016-02-21,888522.0
2016-02-22,1976746.0
2016-02-23,2029930.0
2016-02-24,2089465.0
2016-02-25,2087722.0
2016-02-26,2166632.0
2016-02-27,1289119.0
2016-02-28,872598.0
2016-02-29,2004433.0
2016-03-01,2042656.0
2016-03-02,2069721.0
2016-03-03,2084405.0
2016-03-04,2154316.0
2016-03-05,1275265.0
2016-03-06,869281.0
2016-03-07,1985014.0
2016-03-08,2078215.0
2016-03-09,2057939.0
2016-03-10,2088196.0
2016-03-11,2138363.0
2016-03-12,1277207.0
2016-03-13,902267.0
2016-03-14,1988587.0
2016-03-15,2055621.0
2016-03-16,2068961.0
2016-03-17,2110292.0
2016-03-18,1915082.0
2016-03-19,1031448.0
2016-03-20,829098.0
2016-03-21,1544848.0
2016-03-22,1507179.0
2016-03-23,1427143.0
2016-03-24,790849.0
2016-03-25,764730.0
2016-03-26,853073.0
2016-03-27,745535.0
2016-03-28,1588158.0
2016-03-29,1828556.0
2016-03-30,1983126.0
2016-03-31,2039722.0
2016-04-01,2122968.0
2016-04-02,1220000.0
2016-04-03,838484.0
2016-04-04,2025829.0
2016-04-05,2053419.0
2016-04-06,2072624.0
2016-04-07,2097226.0
2016-04-08,2155337.0
2016-04-09,1262285.0
2016-04-10,896540.0
2016-04-11,2018026.0
2016-04-12,2101285.0
2016-04-13,2090694.0
2016-04-14,2073026.0
2016-04-15,2145323.0
2016-04-16,1159105.0
2016-04-17,924978.0
2016-04-18,1983609.0
2016-04-19,2033779.0
2016-04-20,2100164.0
2016-04-21,2089890.0
2016-04-22,2137949.0
2016-04-23,1257242.0
2016-04-24,1011949.0
2016-04-25,2003069.0
2016-04-26,2035463.0
2016-04-27,2080429.0
2016-04-28,2085076.0
2016-04-29,2053114.0
2016-04-30,1137216.0
2016-05-01,865280.0
2016-05-02,843694.0
2016-05-03,1998421.0
2016-05-04,2111528.0
2016-05-05,2090778.0
2016-05-06,2161235.0
2016-05-07,1231546.0
2016-05-08,842342.0
2016-05-09,2014048.0
2016-05-10,2051636.0
2016-05-11,2086503.0
2016-05-12,2076531.0
2016-05-13,2104313.0
2016-05-14,1235020.0
2016-05-15,1066352.0
2016-05-16,956972.0
2016-05-17,1991236.0
2016-05-18,2040364.0
2016-05-19,2058839.0
2016-05-20,2101779.0
2016-05-21,1108150.0
2016-05-22,830832.0
2016-05-23,1862155.0
2016-05-24,1972464.0
2016-05-25,2014561.0
2016-05-26,2031013.0
2016-05-27,2076769.0
2016-05-28,1216747.0
2016-05-29,916091.0
2016-05-30,1917008.0
2016-05-31,1967721.0
2016-06-01,1994088.0
2016-06-02,2014962.0
2016-06-03,2042323.0
2016-06-04,1190015.0
2016-06-05,962338.0
2016-06-06,1892611.0
2016-06-07,1962060.0
2016-06-08,1991022.0
2016-06-09,2022128.0
2016-06-10,2024328.0
2016-06-11,1152697.0
2016-06-12,865722.0
2016-06-13,1790581.0
2016-06-14,1805780.0
2016-06-15,1849625.0
2016-06-16,1852475.0
2016-06-17,1848130.0
2016-06-18,1094416.0
2016-06-19,826443.0
2016-06-20,1801052.0
2016-06-21,1835860.0
2016-06-22,1845578.0
2016-06-23,1838161.0
2016-06-24,1839190.0
2016-06-25,1038913.0
2016-06-26,805887.0
2016-06-27,1761750.0
2016-06-28,1828014.0
2016-06-29,1888214.0
2016-06-30,1869167.0
2016-07-01,1835531.0
2016-07-02,1164075.0
2016-07-03,799732.0
2016-07-04,1665156.0
2016-07-05,1700341.0
2016-07-06,1712283.0
2016-07-07,1681542.0
2016-07-08,1648883.0
2016-07-09,906530.0
2016-07-10,711074.0
2016-07-11,1601658.0
2016-07-12,1627441.0
2016-07-13,1666878.0
2016-07-14,1648936.0
2016-07-15,1594937.0
2016-07-16,874004.0
2016-07-17,697616.0
2016-07-18,1520194.0
2016-07-19,1540175.0
2016-07-20,1552010.0
2016-07-21,1534159.0
2016-07-22,1476099.0
2016-07-23,802889.0
2016-07-24,639789.0
2016-07-25,680396.0
2016-07-26,1467433.0
2016-07-27,1487229.0
2016-07-28,1488585.0
2016-07-29,1426997.0
2016-07-30,810664.0
2016-07-31,653974.0
2016-08-01,1207237.0
2016-08-02,1238116.0
2016-08-03,1235527.0
2016-08-04,1210180.0
2016-08-05,1189881.0
2016-08-06,722032.0
2016-08-07,597801.0
2016-08-08,1102071.0
2016-08-09,1106325.0
2016-08-10,1141506.0
2016-08-11,1112388.0
2016-08-12,1087071.0
2016-08-13,691900.0
2016-08-14,583511.0
2016-08-15,597073.0
2016-08-16,1067921.0
2016-08-17,1077875.0
2016-08-18,1082814.0
2016-08-19,1073968.0
2016-08-20,683272.0
2016-08-21,583089.0
2016-08-22,1101348.0
2016-08-23,1133570.0
2016-08-24,1160212.0
2016-08-25,1163099.0
2016-08-26,1173460.0
2016-08-27,777379.0
2016-08-28,631756.0
2016-08-29,1237160.0
2016-08-30,1305497.0
2016-08-31,1374325.0
2016-09-01,1534491.0
2016-09-02,1566870.0
2016-09-03,917001.0
2016-09-04,751372.0
2016-09-05,1671094.0
2016-09-06,1726487.0
2016-09-07,1762172.0
2016-09-08,1796629.0
2016-09-09,1814686.0
2016-09-10,1083912.0
2016-09-11,856498.0
2016-09-12,1802318.0
2016-09-13,1852038.0
2016-09-14,1897886.0
2016-09-15,1901916.0
2016-09-16,1927931.0
2016-09-17,1099468.0
2016-09-18,816977.0
2016-09-19,1857033.0
2016-09-20,1905258.0
2016-09-21,1953497.0
2016-09-22,1958484.0
2016-09-23,1997272.0
2016-09-24,1130895.0
2016-09-25,844496.0
2016-09-26,1906459.0
2016-09-27,1968551.0
2016-09-28,2027464.0
2016-09-29,2017543.0
2016-09-30,2088514.0
2016-10-01,2050035.84375
2016-10-02,2011557.6875
2016-10-03,1973079.53125
2016-10-04,1934601.375
2016-10-05,1896123.21875
2016-10-06,1857645.0625
2016-10-07,1819166.90625
2016-10-08,1780688.75
2016-10-09,1742210.59375
2016-10-10,1703732.4375
2016-10-11,1665254.28125
2016-10-12,1626776.125
2016-10-13,1588297.96875
2016-10-14,1549819.8125
2016-10-15,1511341.65625
2016-10-16,1472863.5
2016-10-17,1434385.34375
2016-10-18,1395907.1875
2016-10-19,1357429.03125
2016-10-20,1318950.875
2016-10-21,1280472.71875
2016-10-22,1241994.5625
2016-10-23,1203516.40625
2016-10-24,1165038.25
2016-10-25,1126560.09375
2016-10-26,1088081.9375
2016-10-27,1049603.78125
2016-10-28,1011125.625
2016-10-29,972647.46875
2016-10-30,934169.3125
2016-10-31,895691.15625
2016-11-01,857213.0
2016-11-02,2079544.0
2016-11-03,2105141.0
2016-11-04,2178757.0
2016-11-05,1143045.0
2016-11-06,919209.0
2016-11-07,2044446.0
2016-11-08,2152689.0
2016-11-09,1034465.0
2016-11-10,2114955.0
2016-11-11,2156045.0
2016-11-12,1209202.0
2016-11-13,929394.0
2016-11-14,2073506.0
2016-11-15,2132031.0
2016-11-16,2160843.0
2016-11-17,2176481.0
2016-11-18,2245806.0
2016-11-19,1310574.0
2016-11-20,859572.0
2016-11-21,2096447.0
2016-11-22,2133251.0
2016-11-23,2204299.0
2016-11-24,2198240.0
2016-11-25,2400163.0
2016-11-26,1344218.0
2016-11-27,943972.0
2016-11-28,2097814.0
2016-11-29,2151517.0
2016-11-30,2207381.0
2016-12-01,2204496.0
2016-12-02,2294117.0
2016-12-03,1440885.0
2016-12-04,914458.0
2016-12-05,2117364.0
2016-12-06,1174616.0
2016-12-07,2151753.0
2016-12-08,1214605.0
2016-12-09,1900868.0
2016-12-10,1389900.0
2016-12-11,978970.0
2016-12-12,2109560.0
2016-12-13,2179678.0
2016-12-14,2212635.0
2016-12-15,2231429.0
2016-12-16,2356612.0
2016-12-17,1567597.0
2016-12-18,1119072.0
2016-12-19,2155477.0
2016-12-20,2219324.0
2016-12-21,2265202.0
2016-12-22,2214078.0
2016-12-23,1902736.0
2016-12-24,737763.0
2016-12-25,551314.0
2016-12-26,1018343.0
2016-12-27,1763405.0
2016-12-28,1858372.0
2016-12-29,1920335.0
2016-12-30,1784589.0
2016-12-31,946322.0
2017-01-01,621553.0
2017-01-02,1597351.0
2017-01-03,1751080.0
2017-01-04,1844664.0
2017-01-05,1807169.0
2017-01-06,738167.0
2017-01-07,1191545.0
2017-01-08,882575.0
2017-01-09,1983889.0
2017-01-10,2028669.0
2017-01-11,2067441.0
2017-01-12,2070392.0
2017-01-13,2161850.0
2017-01-14,1286005.0
2017-01-15,868529.0
2017-01-16,2023284.0
2017-01-17,2068435.0
2017-01-18,2135549.0
2017-01-19,2124265.0
2017-01-20,2178277.0
2017-01-21,1326639.0
2017-01-22,907479.0
2017-01-23,2024695.0
2017-01-24,2071268.0
2017-01-25,2103831.0
2017-01-26,2117424.0
2017-01-27,2109544.0
2017-01-28,1284488.0
2017-01-29,892480.0
2017-01-30,2013707.0
2017-01-31,2084693.0
2017-02-01,2143184.0
2017-02-02,2154693.0
2017-02-03,2233543.0
2017-02-04,1274366.0
2017-02-05,907976.0
2017-02-06,2066311.0
2017-02-07,2125625.0
2017-02-08,2165440.0
2017-02-09,2180415.0
2017-02-10,2261102.0
2017-02-11,1277757.0
2017-02-12,882400.0
2017-02-13,2103324.0
2017-02-14,2186883.0
2017-02-15,2223254.0
2017-02-16,2222953.0
2017-02-17,2164554.0
2017-02-18,1334277.0
2017-02-19,967396.0
2017-02-20,2096746.0
2017-02-21,2150336.0
2017-02-22,2171081.0
2017-02-23,2180030.0
2017-02-24,2119557.0
2017-02-25,1391930.0
2017-02-26,1003845.0
2017-02-27,2065367.0
2017-02-28,2161133.0
2017-03-01,2220590.0
2017-03-02,2212574.0
2017-03-03,2224710.0
2017-03-04,1305408.0
2017-03-05,921685.0
2017-03-06,2083501.0
2017-03-07,2136882.0
2017-03-08,2218681.0
2017-03-09,2156180.0
2017-03-10,2240766.0
2017-03-11,1363644.0
2017-03-12,1008470.0
2017-03-13,2081634.0
2017-03-14,2137561.0
2017-03-15,2197646.0
2017-03-16,2256653.0
2017-03-17,2062817.0
2017-03-18,1164085.0
2017-03-19,913334.0
2017-03-20,868171.0
2017-03-21,2110613.0
2017-03-22,2172944.0
2017-03-23,2176697.0
2017-03-24,2219164.0
2017-03-25,1284784.0
2017-03-26,885792.0
2017-03-27,2081063.0
2017-03-28,2143114.0
2017-03-29,2180607.0
2017-03-30,2199496.0
2017-03-31,2281381.0
2017-04-01,1374070.0
2017-04-02,1070209.0
2017-04-03,2120259.0
2017-04-04,2189466.0
2017-04-05,2213873.0
2017-04-06,2257351.0
2017-04-07,2066469.0
2017-04-08,1246018.0
2017-04-09,946647.0
2017-04-10,1635758.0
2017-04-11,1640865.0
2017-04-12,1567273.0
2017-04-13,875519.0
2017-04-14,862663.0
2017-04-15,934833.0
2017-04-16,833561.0
2017-04-17,1689144.0
2017-04-18,2130200.0
2017-04-19,2176147.0
2017-04-20,2201379.0
2017-04-21,2288116.0
2017-04-22,1357920.0
2017-04-23,1175339.0
2017-04-24,2135084.0
2017-04-25,2199835.0
2017-04-26,2217925.0
2017-04-27,2276522.0
2017-04-28,2181776.0
2017-04-29,1133054.0
2017-04-30,919855.0
2017-05-01,883792.0
2017-05-02,937536.0
2017-05-03,2128117.0
2017-05-04,2166961.0
2017-05-05,2240680.0
2017-05-06,1324274.0
2017-05-07,1000790.0
2017-05-08,2114210.0
2017-05-09,2170282.0
2017-05-10,2219407.0
2017-05-11,2208030.0
2017-05-12,2221043.0
2017-05-13,1327654.0
2017-05-14,1101774.0
2017-05-15,1081135.0
2017-05-16,2116046.0
2017-05-17,2172679.0
2017-05-18,2185377.0
2017-05-19,2242043.0
2017-05-20,1307273.0
2017-05-21,952170.0
2017-05-22,2083495.0
2017-05-23,2129896.0
2017-05-24,2170994.0
2017-05-25,2187674.0
2017-05-26,2219735.0
2017-05-27,1303494.0
2017-05-28,954524.0
2017-05-29,2064690.0
2017-05-30,2169446.0
2017-05-31,2162292.0
2017-06-01,2163885.0
2017-06-02,2216045.0
2017-06-03,1348058.0
2017-06-04,1077999.0
2017-06-05,2063665.0
2017-06-06,2137737.0
2017-06-07,2145763.0
2017-06-08,2175376.0
2017-06-09,2179768.0
2017-06-10,1264014.0
2017-06-11,972224.0
2017-06-12,2031891.0
2017-06-13,2079442.0
2017-06-14,2103006.0
2017-06-15,2107238.0
2017-06-16,2104764.0
2017-06-17,1188924.0
2017-06-18,883814.0
2017-06-19,1994425.0
2017-06-20,2038695.0
2017-06-21,2082851.0
2017-06-22,2099533.0
2017-06-23,2046466.0
2017-06-24,1210746.0
2017-06-25,905795.0
2017-06-26,1961779.0
2017-06-27,1997910.0
2017-06-28,2019629.0
2017-06-29,2008314.0
2017-06-30,2020584.0
2017-07-01,1371812.0
2017-07-02,939714.0
2017-07-03,1885400.0
2017-07-04,1902191.0
2017-07-05,1919797.0
2017-07-06,1844256.0
2017-07-07,1807623.0
2017-07-08,1053378.0
2017-07-09,845969.0
2017-07-10,1793666.0
2017-07-11,1824801.0
2017-07-12,1852458.0
2017-07-13,1830260.0
2017-07-14,1784484.0
2017-07-15,999378.0
2017-07-16,816001.0
2017-07-17,1680149.0
2017-07-18,1719014.0
2017-07-19,1740279.0
2017-07-20,1719987.0
2017-07-21,1668376.0
2017-07-22,937834.0
2017-07-23,752571.0
2017-07-24,1587584.0
2017-07-25,1635568.0
2017-07-26,1662704.0
2017-07-27,1701472.0
2017-07-28,1612483.0
2017-07-29,910675.0
2017-07-30,733032.0
2017-07-31,1465275.0
2017-08-01,1415554.0
2017-08-02,1417677.0
2017-08-03,1390901.0
2017-08-04,1356940.0
2017-08-05,820539.0
2017-08-06,669881.0
2017-08-07,1243549.0
2017-08-08,1261258.0
2017-08-09,1280210.0
2017-08-10,1271919.0
2017-08-11,1244024.0
2017-08-12,802148.0
2017-08-13,655051.0
2017-08-14,1082983.0
2017-08-15,716900.0
2017-08-16,1242526.0
2017-08-17,1205360.0
2017-08-18,1173468.0
2017-08-19,763031.0
2017-08-20,640132.0
2017-08-21,1205831.0
2017-08-22,1243808.0
2017-08-23,1277102.0
2017-08-24,1266575.0
2017-08-25,1279533.0
2017-08-26,826837.0
2017-08-27,699118.0
2017-08-28,1295203.0
2017-08-29,1402144.0
2017-08-30,1472916.0
2017-08-31,1521208.0
2017-09-01,1655638.0
2017-09-02,1041685.0
2017-09-03,822394.0
2017-09-04,1783578.0
2017-09-05,1838341.0
2017-09-06,1897743.0
2017-09-07,1933734.0
2017-09-08,1932950.0
2017-09-09,1177445.0
2017-09-10,968878.0
2017-09-11,1962665.0
2017-09-12,1988979.0
2017-09-13,2069221.0
2017-09-14,2054258.0
2017-09-15,2100813.0
2017-09-16,1291685.0
2017-09-17,925575.0
2017-09-18,2014994.0
2017-09-19,2076183.0
2017-09-20,2136850.0
2017-09-21,2121846.0
2017-09-22,2181363.0
2017-09-23,1303727.0
2017-09-24,938304.0
2017-09-25,2083161.0
2017-09-26,2147269.0
2017-09-27,2235625.0
2017-09-28,2144576.0
2017-09-29,2266382.0
2017-09-30,1344209.0
2017-10-01,1022905.0
2017-10-02,2144920.0
2017-10-03,2206056.0
2017-10-04,2242827.0
2017-10-05,2263437.0
2017-10-06,2333653.0
2017-10-07,1405510.0
2017-10-08,980802.0
2017-10-09,2169102.0
2017-10-10,2225700.0
2017-10-11,2342401.0
2017-10-12,1196586.0
2017-10-13,1858034.0
2017-10-14,1300146.0
2017-10-15,920127.0
2017-10-16,2177043.0
2017-10-17,2299626.0
2017-10-18,2330590.0
2017-10-19,2315691.0
2017-10-20,2378816.0
2017-10-21,1405751.0
2017-10-22,1022922.0
2017-10-23,2197027.0
2017-10-24,2247640.0
2017-10-25,2309841.0
2017-10-26,2322656.0
2017-10-27,2392784.0
2017-10-28,1461797.0
2017-10-29,1000539.0
2017-10-30,2197474.0
2017-10-31,2477787.0
2017-11-01,992617.0
2017-11-02,2237363.0
2017-11-03,2318918.0
2017-11-04,1323101.0
2017-11-05,1005439.0
2017-11-06,2219131.0
2017-11-07,2250868.0
2017-11-08,2366148.0
2017-11-09,1162915.0
2017-11-10,2123710.0
2017-11-11,1303804.0
2017-11-12,957606.0
2017-11-13,2196601.0
2017-11-14,2254168.0
2017-11-15,2278502.0
2017-11-16,2305302.0
2017-11-17,2394102.0
2017-11-18,1492117.0
2017-11-19,989204.0
2017-11-20,2222629.0
2017-11-21,2280411.0
2017-11-22,2345235.0
2017-11-23,2330556.0
2017-11-24,2496664.0
2017-11-25,1529868.0
2017-11-26,1048649.0
2017-11-27,2216870.0
2017-11-28,2286858.0
2017-11-29,2439197.0
2017-11-30,2351442.0
2017-12-01,2455018.0
2017-12-02,1539153.0
2017-12-03,1062785.0
2017-12-04,2210726.0
2017-12-05,2351792.0
2017-12-06,1266168.0
2017-12-07,1916820.0
2017-12-08,1317849.0
2017-12-09,1396895.0
2017-12-10,926743.0
2017-12-11,2195220.0
2017-12-12,2277806.0
2017-12-13,2309920.0
2017-12-14,2335346.0
2017-12-15,2477189.0
2017-12-16,1626723.0
2017-12-17,1139003.0
2017-12-18,2169397.0
2017-12-19,2232272.0
2017-12-20,2288591.0
2017-12-21,2319904.0
2017-12-22,2188623.0
2017-12-23,1278867.0
2017-12-24,674927.0
2017-12-25,519058.0
2017-12-26,1688925.0
2017-12-27,1817087.0
2017-12-28,1830415.0
2017-12-29,1798150.0
2017-12-30,1250098.0
2017-12-31,878144.0
2018-01-01,601739.0
2018-01-02,1682320.0
2018-01-03,1836198.0
2018-01-04,1871745.0
2018-01-05,1841607.0
2018-01-06,772025.0
2018-01-07,888370.0
2018-01-08,2050926.0
2018-01-09,2142160.0
2018-01-10,2161536.0
2018-01-11,2170137.0
2018-01-12,2279308.0
2018-01-13,1329018.0
2018-01-14,943840.0
2018-01-15,2117784.0
2018-01-16,2165772.0
2018-01-17,2263781.0
2018-01-18,2237346.0
2018-01-19,2330158.0
2018-01-20,1446006.0
2018-01-21,1016452.0
2018-01-22,2117808.0
2018-01-23,2197272.0
2018-01-24,2230172.0
2018-01-25,2222431.0
2018-01-26,2254618.0
2018-01-27,1377569.0
2018-01-28,1006106.0
2018-01-29,2124559.0
2018-01-30,2197333.0
2018-01-31,2234340.0
2018-02-01,2265865.0
2018-02-02,2344713.0
2018-02-03,1390233.0
2018-02-04,933316.0
2018-02-05,2221531.0
2018-02-06,2256902.0
2018-02-07,2287440.0
2018-02-08,2298271.0
2018-02-09,2371442.0
2018-02-10,1444269.0
2018-02-11,1028734.0
2018-02-12,2225363.0
2018-02-13,2289564.0
2018-02-14,2413856.0
2018-02-15,2192370.0
2018-02-16,2196237.0
2018-02-17,1360123.0
2018-02-18,1052828.0
2018-02-19,2188879.0
2018-02-20,2257304.0
2018-02-21,2308495.0
2018-02-22,2369882.0
2018-02-23,2395537.0
2018-02-24,1471665.0
2018-02-25,1030489.0
2018-02-26,2205003.0
2018-02-27,2278315.0
2018-02-28,2354743.0
2018-03-01,2339224.0
2018-03-02,2422118.0
2018-03-03,1411927.0
2018-03-04,978563.0
2018-03-05,2237771.0
2018-03-06,2285998.0
2018-03-07,2335991.0
2018-03-08,2376275.0
2018-03-09,2344245.0
2018-03-10,1309307.0
2018-03-11,1000654.0
2018-03-12,2216977.0
2018-03-13,2238629.0
2018-03-14,2322659.0
2018-03-15,2312451.0
2018-03-16,2417626.0
2018-03-17,1455250.0
2018-03-18,1058825.0
2018-03-19,2194885.0
2018-03-20,2280314.0
2018-03-21,2325940.0
2018-03-22,2358615.0
2018-03-23,2129153.0
2018-03-24,1244877.0
2018-03-25,918137.0
2018-03-26,1738231.0
2018-03-27,1778229.0
2018-03-28,1656868.0
2018-03-29,960352.0
2018-03-30,910094.0
2018-03-31,1002981.0
2018-04-01,932802.0
2018-04-02,1820115.0
2018-04-03,2210808.0
2018-04-04,2280485.0
2018-04-05,2359338.0
2018-04-06,2403512.0
2018-04-07,1398728.0
2018-04-08,1070307.0
2018-04-09,2242025.0
2018-04-10,2312445.0
2018-04-11,2364763.0
2018-04-12,2357846.0
2018-04-13,2394687.0
2018-04-14,1390381.0
2018-04-15,1060173.0
2018-04-16,2221082.0
2018-04-17,2286598.0
2018-04-18,2348918.0
2018-04-19,2337482.0
2018-04-20,2427009.0
2018-04-21,1484938.0
2018-04-22,1179775.0
2018-04-23,2249228.0
2018-04-24,2296346.0
2018-04-25,2326610.0
2018-04-26,2415069.0
2018-04-27,2315971.0
2018-04-28,1298071.0
2018-04-29,939348.0
2018-04-30,1631201.0
2018-05-01,978114.0
2018-05-02,990788.0
2018-05-03,2261722.0
2018-05-04,2326250.0
2018-05-05,1372067.0
2018-05-06,1070360.0
2018-05-07,2230970.0
2018-05-08,2309531.0
2018-05-09,2334999.0
2018-05-10,2333322.0
2018-05-11,2377140.0
2018-05-12,1405691.0
2018-05-13,1025857.0
2018-05-14,2103275.0
2018-05-15,1246754.0
2018-05-16,2293766.0
2018-05-17,2289824.0
2018-05-18,2361221.0
2018-05-19,1347791.0
2018-05-20,1010772.0
2018-05-21,2170493.0
2018-05-22,2217717.0
2018-05-23,2288728.0
2018-05-24,2271402.0
2018-05-25,2325727.0
2018-05-26,1380342.0
2018-05-27,1090112.0
2018-05-28,2168656.0
2018-05-29,2203092.0
2018-05-30,2246921.0
2018-05-31,2260567.0
2018-06-01,2231467.0
2018-06-02,1307911.0
2018-06-03,1064964.0
2018-06-04,2087745.0
2018-06-05,2202504.0
2018-06-06,2240158.0
2018-06-07,2297881.0
2018-06-08,2213159.0
2018-06-09,1352432.0
2018-06-10,991799.0
2018-06-11,2112509.0
2018-06-12,2166549.0
2018-06-13,2218341.0
2018-06-14,2198877.0
2018-06-15,2145836.0
2018-06-16,1237680.0
2018-06-17,962581.0
2018-06-18,2076784.0
2018-06-19,2134936.0
2018-06-20,2151359.0
2018-06-21,2168560.0
2018-06-22,2210100.0
2018-06-23,1254842.0
2018-06-24,933932.0
2018-06-25,2016843.0
2018-06-26,2080515.0
2018-06-27,2095813.0
2018-06-28,2130958.0
2018-06-29,2146333.0
2018-06-30,1217450.0
2018-07-01,937008.0
2018-07-02,1961611.0
2018-07-03,2004756.0
2018-07-04,2045065.0
2018-07-05,2028752.0
2018-07-06,1980098.0
2018-07-07,1294935.0
2018-07-08,906506.0
2018-07-09,1851589.0
2018-07-10,1893262.0
2018-07-11,1909088.0
2018-07-12,1947829.0
2018-07-13,1899647.0
2018-07-14,1141388.0
2018-07-15,841172.0
2018-07-16,1764479.0
2018-07-17,1800936.0
2018-07-18,1821780.0
2018-07-19,1798594.0
2018-07-20,1735368.0
2018-07-21,989844.0
2018-07-22,794481.0
2018-07-23,1653354.0
2018-07-24,1696018.0
2018-07-25,1702266.0
2018-07-26,1703690.0
2018-07-27,1660338.0
2018-07-28,972205.0
2018-07-29,794771.0
2018-07-30,1601956.0
2018-07-31,1621055.0
2018-08-01,1522474.0
2018-08-02,1434796.0
2018-08-03,1376588.0
2018-08-04,816665.0
2018-08-05,666965.0
2018-08-06,1237164.0
2018-08-07,1271537.0
2018-08-08,1283765.0
2018-08-09,1265725.0
2018-08-10,1240314.0
2018-08-11,826407.0
2018-08-12,658000.0
2018-08-13,1155414.0
2018-08-14,1193418.0
2018-08-15,730514.0
2018-08-16,1138303.0
2018-08-17,1143069.0
2018-08-18,762707.0
2018-08-19,671669.0
2018-08-20,1182571.0
2018-08-21,1214599.0
2018-08-22,1230277.0
2018-08-23,1230009.0
2018-08-24,1225423.0
2018-08-25,815164.0
2018-08-26,673367.0
2018-08-27,1278759.0
2018-08-28,1332779.0
2018-08-29,1382639.0
2018-08-30,1413471.0
2018-08-31,1455455.0
2018-09-01,995817.0
2018-09-02,827264.0
2018-09-03,1772320.0
2018-09-04,1853191.0
2018-09-05,1929803.0
2018-09-06,1957558.0
2018-09-07,2005638.0
2018-09-08,1148892.0
2018-09-09,931224.0
2018-09-10,2051549.0
2018-09-11,2083137.0
2018-09-12,2140390.0
2018-09-13,2190106.0
2018-09-14,2182187.0
2018-09-15,1265055.0
2018-09-16,987585.0
2018-09-17,2131052.0
2018-09-18,2180056.0
2018-09-19,2260322.0
2018-09-20,2250989.0
2018-09-21,2332201.0
2018-09-22,1348057.0
2018-09-23,983820.0
2018-09-24,2170188.0
2018-09-25,2265296.0
2018-09-26,2256754.0
2018-09-27,2285132.0
2018-09-28,2385898.0
2018-09-29,1408193.0
2018-09-30,1030793.0
2018-10-01,2252837.0
2018-10-02,2320034.0
2018-10-03,2389272.0
2018-10-04,2352802.0
2018-10-05,2424683.0
2018-10-06,1413095.0
2018-10-07,1104209.0
2018-10-08,2265694.0
2018-10-09,2354663.0
2018-10-10,2376594.0
2018-10-11,2408782.0
2018-10-12,1246341.0
2018-10-13,1269611.0
2018-10-14,898567.0
2018-10-15,2224706.0
2018-10-16,2312507.0
2018-10-17,2352012.0
2018-10-18,2370950.0
2018-10-19,2469775.0
2018-10-20,1462969.0
2018-10-21,1047493.0
2018-10-22,2267400.0
2018-10-23,2372552.0
2018-10-24,2377280.0
2018-10-25,2405736.0
2018-10-26,2451776.0
2018-10-27,1415642.0
2018-10-28,1035277.0
2018-10-29,2304800.0
2018-10-30,2384679.0
2018-10-31,2570888.0
2018-11-01,1110352.0
2018-11-02,1929029.0
2018-11-03,1386908.0
2018-11-04,1011381.0
2018-11-05,2318361.0
2018-11-06,2412749.0
2018-11-07,2401230.0
2018-11-08,2461774.0
2018-11-09,1331429.0
2018-11-10,1313085.0
2018-11-11,959527.0
2018-11-12,2278431.0
2018-11-13,2382019.0
2018-11-14,2392854.0
2018-11-15,2412523.0
2018-11-16,2484949.0
2018-11-17,1466759.0
2018-11-18,1008376.0
2018-11-19,2305808.0
2018-11-20,2375704.0
2018-11-21,2408093.0
2018-11-22,2427836.0
2018-11-23,2610810.0
2018-11-24,1597617.0
2018-11-25,1092798.0
2018-11-26,2321983.0
2018-11-27,2382993.0
2018-11-28,2484796.0
2018-11-29,2447949.0
2018-11-30,2573561.0
2018-12-01,1663164.0
2018-12-02,1106036.0
2018-12-03,2328671.0
2018-12-04,2385409.0
2018-12-05,2519295.0
2018-12-06,1365098.0
2018-12-07,1967946.0
2018-12-08,1438521.0
2018-12-09,1135857.0
2018-12-10,2285470.0
2018-12-11,2375875.0
2018-12-12,2498647.0
2018-12-13,2441288.0
2018-12-14,2558122.0
2018-12-15,1662288.0
2018-12-16,1124543.0
2018-12-17,2311457.0
2018-12-18,2370035.0
2018-12-19,2418871.0
2018-12-20,2463795.0
2018-12-21,2405663.0
2018-12-22,1445907.0
2018-12-23,1141777.0
2018-12-24,991034.0
2018-12-25,583428.0
2018-12-26,1814209.0
2018-12-27,1923731.0
2018-12-28,1984706.0
2018-12-29,1433642.0
2018-12-30,1210725.0
2018-12-31,1233615.0
2019-01-01,653148.0
2019-01-02,1805500.0
2019-01-03,1912327.0
2019-01-04,1926029.0
2019-01-05,1377603.0
2019-01-06,811506.0
2019-01-07,1012869.0
2019-01-08,2161057.0
2019-01-09,2239761.0
2019-01-10,2249798.0
2019-01-11,2324311.0
2019-01-12,1384649.0
2019-01-13,1021259.0
2019-01-14,2187579.0
2019-01-15,2218600.0
2019-01-16,2343734.0
2019-01-17,2312223.0
2019-01-18,2382296.0
2019-01-19,1398332.0
2019-01-20,1003946.0
2019-01-21,2270298.0
2019-01-22,2333452.0
2019-01-23,2425087.0
2019-01-24,2434080.0
2019-01-25,2410313.0
2019-01-26,1555013.0
2019-01-27,1109799.0
2019-01-28,2252438.0
2019-01-29,2329501.0
2019-01-30,2384916.0
2019-01-31,2370742.0
2019-02-01,2451312.0
2019-02-02,1482906.0
2019-02-03,1094999.0
2019-02-04,2290486.0
2019-02-05,2346802.0
2019-02-06,2355182.0
2019-02-07,2362566.0
2019-02-08,2437281.0
2019-02-09,1480198.0
2019-02-10,1138060.0
2019-02-11,2250024.0
2019-02-12,2311650.0
2019-02-13,2343046.0
2019-02-14,2406872.0
2019-02-15,2416329.0
2019-02-16,1465221.0
2019-02-17,1094252.0
2019-02-18,2239934.0
2019-02-19,2311124.0
2019-02-20,2390403.0
2019-02-21,2349016.0
2019-02-22,2404126.0
2019-02-23,1427476.0
2019-02-24,1066136.0
2019-02-25,2237488.0
2019-02-26,2328074.0
2019-02-27,2420696.0
2019-02-28,2445705.0
2019-03-01,2314540.0
2019-03-02,1477464.0
2019-03-03,1111589.0
2019-03-04,2125873.0
2019-03-05,2363450.0
2019-03-06,2336542.0
2019-03-07,2387951.0
2019-03-08,2370071.0
2019-03-09,1435722.0
2019-03-10,1051778.0
2019-03-11,2238006.0
2019-03-12,2313606.0
2019-03-13,2355460.0
2019-03-14,2357288.0
2019-03-15,2392714.0
2019-03-16,1463059.0
2019-03-17,1090027.0
2019-03-18,2249794.0
2019-03-19,2295522.0
2019-03-20,2343719.0
2019-03-21,2363628.0
2019-03-22,2402792.0
2019-03-23,1388574.0
2019-03-24,1046683.0
2019-03-25,2234619.0
2019-03-26,2306029.0
2019-03-27,2357233.0
2019-03-28,2376380.0
2019-03-29,2429542.0
2019-03-30,1454316.0
2019-03-31,1029732.0
2019-04-01,2196230.0
2019-04-02,2328386.0
2019-04-03,2358989.0
2019-04-04,2377124.0
2019-04-05,2431320.0
2019-04-06,1449958.0
2019-04-07,1064885.0
2019-04-08,2278046.0
2019-04-09,2340674.0
2019-04-10,2374677.0
2019-04-11,2412151.0
2019-04-12,2176903.0
2019-04-13,1318688.0
2019-04-14,1007596.0
2019-04-15,1744145.0
2019-04-16,1743531.0
2019-04-17,1662486.0
2019-04-18,842898.0
2019-04-19,834693.0
2019-04-20,987930.0
2019-04-21,903884.0
2019-04-22,1818233.0
2019-04-23,2265912.0
2019-04-24,2347973.0
2019-04-25,2411961.0
2019-04-26,2427309.0
2019-04-27,1592920.0
2019-04-28,1023200.0
2019-04-29,2210151.0
2019-04-30,2331123.0
2019-05-01,1016980.0
2019-05-02,1043859.0
2019-05-03,1688653.0
2019-05-04,1197022.0
2019-05-05,970218.0
2019-05-06,2190928.0
2019-05-07,2277487.0
2019-05-08,2324975.0
2019-05-09,2325593.0
2019-05-10,2384894.0
2019-05-11,1441574.0
2019-05-12,1152376.0
2019-05-13,2211363.0
2019-05-14,2382869.0
2019-05-15,1293389.0
2019-05-16,2269769.0
2019-05-17,2310943.0
2019-05-18,1336913.0
2019-05-19,1021983.0
2019-05-20,2151988.0
2019-05-21,2198695.0
2019-05-22,2254243.0
2019-05-23,2239208.0
2019-05-24,2272092.0
2019-05-25,1294921.0
2019-05-26,963249.0
2019-05-27,2151293.0
2019-05-28,2227900.0
2019-05-29,2267908.0
2019-05-30,2304029.0
2019-05-31,2391891.0
2019-06-01,1516249.0
2019-06-02,1055103.0
2019-06-03,2215021.0
2019-06-04,2293574.0
2019-06-05,2344611.0
2019-06-06,2381212.0
2019-06-07,2343262.0
2019-06-08,1388236.0
2019-06-09,1072778.0
2019-06-10,2244052.0
2019-06-11,2298522.0
2019-06-12,2310703.0
2019-06-13,2334666.0
2019-06-14,2308366.0
2019-06-15,1385164.0
2019-06-16,1019002.0
2019-06-17,2154239.0
2019-06-18,2205533.0
2019-06-19,2230693.0
2019-06-20,2238633.0
2019-06-21,2225667.0
2019-06-22,1322094.0
2019-06-23,1031828.0
2019-06-24,2058244.0
2019-06-25,2151125.0
2019-06-26,2169542.0
2019-06-27,2156505.0
2019-06-28,2149676.0
2019-06-29,1288865.0
2019-06-30,1000385.0
2019-07-01,2013635.0
2019-07-02,2056656.0
2019-07-03,2110633.0
2019-07-04,2085896.0
2019-07-05,2074448.0
2019-07-06,1355360.0
2019-07-07,1002919.0
2019-07-08,1924241.0
2019-07-09,1957591.0
2019-07-10,1993396.0
2019-07-11,1964633.0
2019-07-12,1886072.0
2019-07-13,1084260.0
2019-07-14,875875.0
2019-07-15,1821928.0
2019-07-16,1866012.0
2019-07-17,1871519.0
2019-07-18,1864935.0
2019-07-19,1810071.0
2019-07-20,1037663.0
2019-07-21,831976.0
2019-07-22,1709638.0
2019-07-23,1744288.0
2019-07-24,1770803.0
2019-07-25,1745295.0
2019-07-26,1734639.0
2019-07-27,997069.0
2019-07-28,801664.0
2019-07-29,1623241.0
2019-07-30,1661983.0
2019-07-31,1669845.0
2019-08-01,1552793.0
2019-08-02,1491696.0
2019-08-03,901882.0
2019-08-04,728688.0
2019-08-05,1349883.0
2019-08-06,1372361.0
2019-08-07,1384491.0
2019-08-08,1346198.0
2019-08-09,1314002.0
2019-08-10,847730.0
2019-08-11,703450.0
2019-08-12,1232103.0
2019-08-13,1250473.0
2019-08-14,1268552.0
2019-08-15,777877.0
2019-08-16,1080422.0
2019-08-17,791091.0
2019-08-18,709821.0
2019-08-19,1213785.0
2019-08-20,1264851.0
2019-08-21,1289404.0
2019-08-22,1282669.0
2019-08-23,1275328.0
2019-08-24,867836.0
2019-08-25,711781.0
2019-08-26,1304491.0
2019-08-27,1398963.0
2019-08-28,1448894.0
2019-08-29,1467085.0
2019-08-30,1485625.0
2019-08-31,1012649.0
2019-09-01,889958.0
2019-09-02,1790868.0
2019-09-03,1897419.0
2019-09-04,1972214.0
2019-09-05,2011190.0
2019-09-06,2017660.0
2019-09-07,1207855.0
2019-09-08,954553.0
2019-09-09,2049224.0
2019-09-10,2182489.0
2019-09-11,2224166.0
2019-09-12,2245005.0
2019-09-13,2249476.0
2019-09-14,1213106.0
2019-09-15,969643.0
2019-09-16,2219236.0
2019-09-17,2249966.0
2019-09-18,2339056.0
2019-09-19,2319955.0
2019-09-20,2361059.0
2019-09-21,1354712.0
2019-09-22,1026868.0
2019-09-23,2228426.0
2019-09-24,2296141.0
2019-09-25,2354689.0
2019-09-26,2356331.0
2019-09-27,2452901.0
2019-09-28,1457224.0
2019-09-29,1076241.0
2019-09-30,2298059.0
2019-10-01,2415503.0
2019-10-02,2432479.0
2019-10-03,2433003.0
2019-10-04,2511757.0
2019-10-05,1522362.0
2019-10-06,1116662.0
2019-10-07,2311039.0
2019-10-08,2382912.0
2019-10-09,2424762.0
2019-10-10,2451308.0
2019-10-11,2470903.0
2019-10-12,1449483.0
2019-10-13,1061297.0
2019-10-14,2326971.0
2019-10-15,2407787.0
2019-10-16,2455222.0
2019-10-17,2285207.0
2019-10-18,2481006.0
2019-10-19,1559069.0
2019-10-20,1077009.0
2019-10-21,2336723.0
2019-10-22,2450285.0
2019-10-23,2449429.0
2019-10-24,2454824.0
2019-10-25,2513013.0
2019-10-26,1541399.0
2019-10-27,1097468.0
2019-10-28,2357111.0
2019-10-29,2439454.0
2019-10-30,2539757.0
2019-10-31,2391931.0
2019-11-01,1210458.0
2019-11-02,1364751.0
2019-11-03,1023286.0
2019-11-04,2325621.0
2019-11-05,2428359.0
2019-11-06,2491256.0
2019-11-07,2493785.0
2019-11-08,2551202.0
2019-11-09,1375367.0
2019-11-10,1087443.0
2019-11-11,2333611.0
2019-11-12,2423163.0
2019-11-13,2461431.0
2019-11-14,2485495.0
2019-11-15,2533426.0
2019-11-16,1512416.0
2019-11-17,1052087.0
2019-11-18,2371011.0
2019-11-19,2423155.0
2019-11-20,2463102.0
2019-11-21,2474349.0
2019-11-22,2628025.0
2019-11-23,1634102.0
2019-11-24,1143088.0
2019-11-25,2434244.0
2019-11-26,2499461.0
2019-11-27,2549893.0
2019-11-28,2525087.0
2019-11-29,2747473.0
2019-11-30,1735319.0
2019-12-01,1176141.0
2019-12-02,2421405.0
2019-12-03,2475172.0
2019-12-04,2492372.0
2019-12-05,2547111.0
2019-12-06,1463494.0
2019-12-07,1555254.0
2019-12-08,1158508.0
2019-12-09,1135002.0
2019-12-10,2446361.0
2019-12-11,2588846.0
2019-12-12,2541703.0
2019-12-13,2638288.0
2019-12-14,1745190.0
2019-12-15,1225052.0
2019-12-16,2386442.0
2019-12-17,2445275.0
2019-12-18,2502073.0
2019-12-19,2552635.0
2019-12-20,2504751.0
2019-12-21,1581484.0
2019-12-22,1258924.0
2019-12-23,1932449.0
2019-12-24,1059317.0
2019-12-25,638256.0
2019-12-26,1884020.0
2019-12-27,1952367.0
2019-12-28,1458347.0
2019-12-29,1193113.0
2019-12-30,1828989.0
2019-12-31,1254479.0
2020-01-01,693282.0
2020-01-02,1842831.0
2020-01-03,1930476.0
2020-01-04,1444111.0
2020-01-05,1283230.0
2020-01-06,791622.0
2020-01-07,1950881.0
2020-01-08,2240072.0
2020-01-09,2268143.0
2020-01-10,2396376.0
2020-01-11,1428576.0
2020-01-12,1033727.0
2020-01-13,2236178.0
2020-01-14,2282509.0
2020-01-15,2302557.0
2020-01-16,2316345.0
2020-01-17,2436564.0
2020-01-18,1434791.0
2020-01-19,1046358.0
2020-01-20,2276496.0
2020-01-21,2312133.0
2020-01-22,2380262.0
2020-01-23,2413774.0
2020-01-24,2426240.0
2020-01-25,1481886.0
2020-01-26,1181451.0
2020-01-27,2268655.0
2020-01-28,2306357.0
2020-01-29,2376265.0
2020-01-30,2404570.0
2020-01-31,2413691.0
2020-02-01,1512948.0
2020-02-02,1086730.0
2020-02-03,2325765.0
2020-02-04,2397622.0
2020-02-05,2449372.0
2020-02-06,2484590.0
2020-02-07,2520757.0
2020-02-08,1504007.0
2020-02-09,1064653.0
2020-02-10,2328177.0
2020-02-11,2400703.0
2020-02-12,2433438.0
2020-02-13,2452370.0
2020-02-14,2569768.0
2020-02-15,1511965.0
2020-02-16,1146105.0
2020-02-17,2325478.0
2020-02-18,2452586.0
2020-02-19,2434865.0
2020-02-20,2453014.0
2020-02-21,2483037.0
2020-02-22,1482987.0
2020-02-23,1148320.0
2020-02-24,2336014.0
2020-02-25,2409436.0
2020-02-26,2469863.0
2020-02-27,2476205.0
2020-02-28,2327246.0
2020-02-29,1417094.0
2020-03-01,1103544.0
2020-03-02,2094381.0
2020-03-03,2328408.0
2020-03-04,2361084.0
2020-03-05,2364201.0
2020-03-06,2409175.0
2020-03-07,1421275.0
2020-03-08,1082280.0
2020-03-09,2184494.0
2020-03-10,1941318.0
2020-03-11,1493067.0
2020-03-12,1204811.0
2020-03-13,891359.0
2020-03-14,237058.0
2020-03-15,131999.0
2020-03-16,340361.0
2020-03-17,286759.0
2020-03-18,267941.0
2020-03-19,255728.0
2020-03-20,248785.0
2020-03-21,111275.0
2020-03-22,82578.0
2020-03-23,228622.0
2020-03-24,213798.0
2020-03-25,209660.0
2020-03-26,201872.0
2020-03-27,206521.0
2020-03-28,103016.0
2020-03-29,78847.0
2020-03-30,169388.0
2020-03-31,161421.0
2020-04-01,160880.0
2020-04-02,158811.0
2020-04-03,164230.0
2020-04-04,95085.0
2020-04-05,69491.0
2020-04-06,160183.0
2020-04-07,156955.0
2020-04-08,162846.0
2020-04-09,87104.0
2020-04-10,80010.0
2020-04-11,95096.0
2020-04-12,71303.0
2020-04-13,195844.0
2020-04-14,201056.0
2020-04-15,201270.0
2020-04-16,202170.0
2020-04-17,207031.0
2020-04-18,106351.0
2020-04-19,75589.0
2020-04-20,217483.0
2020-04-21,209253.0
2020-04-22,214394.0
2020-04-23,212726.0
2020-04-24,220906.0
2020-04-25,111454.0
2020-04-26,78917.0
2020-04-27,235174.0
2020-04-28,231307.0
2020-04-29,236134.0
2020-04-30,246161.0
2020-05-01,99818.0
2020-05-02,118289.0
2020-05-03,96776.0
2020-05-04,294423.0
2020-05-05,293779.0
2020-05-06,300137.0
2020-05-07,301533.0
2020-05-08,313005.0
2020-05-09,165485.0
2020-05-10,110214.0
2020-05-11,352601.0
2020-05-12,348277.0
2020-05-13,351930.0
2020-05-14,354360.0
2020-05-15,182482.0
2020-05-16,176116.0
2020-05-17,119260.0
2020-05-18,394601.0
2020-05-19,391805.0
2020-05-20,400835.0
2020-05-21,402665.0
2020-05-22,411390.0
2020-05-23,219025.0
2020-05-24,145305.0
2020-05-25,519619.0
2020-05-26,517399.0
2020-05-27,533352.0
2020-05-28,538938.0
2020-05-29,565236.0
2020-05-30,373523.0
2020-05-31,251832.0
2020-06-01,612571.0
2020-06-02,620371.0
2020-06-03,641984.0
2020-06-04,644203.0
2020-06-05,678483.0
2020-06-06,441489.0
2020-06-07,301483.0
2020-06-08,728914.0
2020-06-09,751619.0
2020-06-10,771785.0
2020-06-11,787486.0
2020-06-12,823743.0
2020-06-13,563690.0
2020-06-14,408068.0
2020-06-15,811945.0
2020-06-16,837197.0
2020-06-17,855516.0
2020-06-18,862428.0
2020-06-19,900805.0
2020-06-20,610109.0
2020-06-21,443576.0
2020-06-22,898423.0
2020-06-23,929931.0
2020-06-24,937048.0
2020-06-25,955173.0
2020-06-26,951475.0
2020-06-27,617939.0
2020-06-28,465387.0
2020-06-29,942815.0
2020-06-30,982369.0
2020-07-01,1003355.0
2020-07-02,1013228.0
2020-07-03,1018714.0
2020-07-04,655653.0
2020-07-05,490416.0
2020-07-06,984555.0
2020-07-07,1011054.0
2020-07-08,1024164.0
2020-07-09,1043914.0
2020-07-10,1013907.0
2020-07-11,647001.0
2020-07-12,484300.0
2020-07-13,981127.0
2020-07-14,1009683.0
2020-07-15,1028519.0
2020-07-16,1008433.0
2020-07-17,990202.0
2020-07-18,634668.0
2020-07-19,478423.0
2020-07-20,953319.0
2020-07-21,966154.0
2020-07-22,988032.0
2020-07-23,981501.0
2020-07-24,956879.0
2020-07-25,607785.0
2020-07-26,460784.0
2020-07-27,908291.0
2020-07-28,933582.0
2020-07-29,940971.0
2020-07-30,934075.0
2020-07-31,913071.0
2020-08-01,573729.0
2020-08-02,440904.0
2020-08-03,813809.0
2020-08-04,824245.0
2020-08-05,828097.0
2020-08-06,816293.0
2020-08-07,796904.0
2020-08-08,526574.0
2020-08-09,409829.0
2020-08-10,725236.0
2020-08-11,703837.0
2020-08-12,764887.0
2020-08-13,750920.0
2020-08-14,731726.0
2020-08-15,466361.0
2020-08-16,403887.0
2020-08-17,712130.0
2020-08-18,726264.0
2020-08-19,733346.0
2020-08-20,726383.0
2020-08-21,720770.0
2020-08-22,491107.0
2020-08-23,388660.0
2020-08-24,732897.0
2020-08-25,751971.0
2020-08-26,765876.0
2020-08-27,767110.0
2020-08-28,780262.0
2020-08-29,546000.0
2020-08-30,438446.0
2020-08-31,848548.0
2020-09-01,944451.0
2020-09-02,981357.0
2020-09-03,996494.0
2020-09-04,1000749.0
2020-09-05,646777.0
2020-09-06,490685.0
2020-09-07,1020995.0
2020-09-08,1052196.0
2020-09-09,1085516.0
2020-09-10,1081519.0
2020-09-11,1096045.0
2020-09-12,687270.0
2020-09-13,506331.0
2020-09-14,1061370.0
2020-09-15,1095261.0
2020-09-16,1121690.0
2020-09-17,1115162.0
2020-09-18,1108187.0
2020-09-19,653593.0
2020-09-20,488594.0
2020-09-21,1043490.0
2020-09-22,1061552.0
2020-09-23,1059493.0
2020-09-24,1060329.0
2020-09-25,1093328.0
2020-09-26,598413.0
2020-09-27,431210.0
2020-09-28,1065894.0
2020-09-29,1094521.0
2020-09-30,1118808.0
2020-10-01,1144697.0
2020-10-02,1155929.0
2020-10-03,574285.0
2020-10-04,404142.0
2020-10-05,1097691.0
2020-10-06,1125170.0
2020-10-07,1135683.0
2020-10-08,1149097.0
2020-10-09,1163126.0
2020-10-10,640590.0
2020-10-11,481157.0
2020-10-12,472877.0
2020-10-13,1149772.0
2020-10-14,1168887.0
2020-10-15,1174114.0
2020-10-16,1201871.0
2020-10-17,670384.0
2020-10-18,470323.0
2020-10-19,1142154.0
2020-10-20,1156129.0
2020-10-21,1166938.0
2020-10-22,1184720.0
2020-10-23,1215652.0
2020-10-24,695330.0
2020-10-25,469221.0
2020-10-26,1155001.0
2020-10-27,1177771.0
2020-10-28,1184170.0
2020-10-29,1200467.0
2020-10-30,1215265.0
2020-10-31,724194.0
2020-11-01,527443.0
2020-11-02,506067.0
2020-11-03,1189133.0
2020-11-04,1207659.0
2020-11-05,1212456.0
2020-11-06,1248090.0
2020-11-07,719227.0
2020-11-08,554747.0
2020-11-09,579935.0
2020-11-10,1213677.0
2020-11-11,1220615.0
2020-11-12,1229811.0
2020-11-13,1280194.0
2020-11-14,724403.0
2020-11-15,514818.0
2020-11-16,1175885.0
2020-11-17,1216426.0
2020-11-18,1228046.0
2020-11-19,1243608.0
2020-11-20,1298982.0
2020-11-21,792885.0
2020-11-22,559652.0
2020-11-23,1202594.0
2020-11-24,1237708.0
2020-11-25,1260478.0
2020-11-26,1271802.0
2020-11-27,1366796.0
2020-11-28,869949.0
2020-11-29,603246.0
2020-11-30,1236880.0
2020-12-01,1273694.0
2020-12-02,1294837.0
2020-12-03,1296319.0
2020-12-04,1344271.0
2020-12-05,856006.0
2020-12-06,680234.0
2020-12-07,694461.0
2020-12-08,614932.0
2020-12-09,1283227.0
2020-12-10,1287808.0
2020-12-11,1353133.0
2020-12-12,877645.0
2020-12-13,609586.0
2020-12-14,1248999.0
2020-12-15,1288953.0
2020-12-16,1297612.0
2020-12-17,1311970.0
2020-12-18,1365400.0
2020-12-19,837751.0
2020-12-20,649783.0
2020-12-21,1237376.0
2020-12-22,1252561.0
2020-12-23,1115541.0
2020-12-24,624284.0
2020-12-25,326374.0
2020-12-26,691935.0
2020-12-27,557787.0
2020-12-28,986776.0
2020-12-29,1014723.0
2020-12-30,1024067.0
2020-12-31,634458.0
2021-01-01,313191.0
2021-01-02,671916.0
2021-01-03,562478.0
2021-01-04,1012288.0
2021-01-05,1001453.0
2021-01-06,434524.0
2021-01-07,999343.0
2021-01-08,1126789.0
2021-01-09,423189.0
2021-01-10,578572.0
2021-01-11,1105650.0
2021-01-12,1166126.0
2021-01-13,1260145.0
2021-01-14,1277080.0
2021-01-15,1357948.0
2021-01-16,952719.0
2021-01-17,664230.0
2021-01-18,1195304.0
2021-01-19,1144791.0
2021-01-20,1189847.0
2021-01-21,1241392.0
2021-01-22,1248988.0
2021-01-23,713110.0
2021-01-24,510411.0
2021-01-25,1167951.0
2021-01-26,1170147.0
2021-01-27,1177497.0
2021-01-28,1167049.0
2021-01-29,1203655.0
2021-01-30,716812.0
2021-01-31,513534.0
2021-02-01,1171109.0
2021-02-02,1183722.0
2021-02-03,1198254.0
2021-02-04,1211576.0
2021-02-05,1259979.0
2021-02-06,732184.0
2021-02-07,590302.0
2021-02-08,1195870.0
2021-02-09,1198898.0
2021-02-10,1235415.0
2021-02-11,1238172.0
2021-02-12,1282391.0
2021-02-13,800285.0
2021-02-14,624127.0
2021-02-15,1205142.0
2021-02-16,1231313.0
2021-02-17,1252500.0
2021-02-18,1288811.0
2021-02-19,1224357.0
2021-02-20,814528.0
2021-02-21,567170.0
2021-02-22,1116105.0
2021-02-23,1255243.0
2021-02-24,1273649.0
2021-02-25,1293693.0
2021-02-26,1349317.0
2021-02-27,871450.0
2021-02-28,632654.0
2021-03-01,1245338.0
2021-03-02,1282532.0
2021-03-03,1307805.0
2021-03-04,1323446.0
2021-03-05,1386352.0
2021-03-06,887017.0
2021-03-07,626481.0
2021-03-08,1255507.0
2021-03-09,1295268.0
2021-03-10,1321207.0
2021-03-11,1328486.0
2021-03-12,1395085.0
2021-03-13,899079.0
2021-03-14,641733.0
2021-03-15,1275224.0
2021-03-16,1309859.0
2021-03-17,1336241.0
2021-03-18,1403046.0
2021-03-19,744229.0
2021-03-20,834157.0
2021-03-21,611133.0
2021-03-22,1263231.0
2021-03-23,1304013.0
2021-03-24,1324952.0
2021-03-25,1354419.0
2021-03-26,1267714.0
2021-03-27,842165.0
2021-03-28,623670.0
2021-03-29,1090004.0
2021-03-30,1114332.0
2021-03-31,1149558.0
2021-04-01,681309.0
2021-04-02,588480.0
2021-04-03,727579.0
2021-04-04,627004.0
2021-04-05,1100890.0
2021-04-06,1302106.0
2021-04-07,1330484.0
2021-04-08,1339385.0
2021-04-09,1377178.0
2021-04-10,864823.0
2021-04-11,639718.0
2021-04-12,1306582.0
2021-04-13,1319944.0
2021-04-14,1340825.0
2021-04-15,1349945.0
2021-04-16,1412476.0
2021-04-17,899842.0
2021-04-18,643137.0
2021-04-19,1291799.0
2021-04-20,1317424.0
2021-04-21,1345168.0
2021-04-22,1353120.0
2021-04-23,1420145.0
2021-04-24,887925.0
2021-04-25,568631.0
2021-04-26,1289696.0
2021-04-27,1324322.0
2021-04-28,1343076.0
2021-04-29,1370727.0
2021-04-30,1434935.0
2021-05-01,784418.0
2021-05-02,700375.0
2021-05-03,676887.0
2021-05-04,1207497.0
2021-05-05,1382951.0
2021-05-06,1406184.0
2021-05-07,1454079.0
2021-05-08,934484.0
2021-05-09,609964.0
2021-05-10,1337110.0
2021-05-11,1366367.0
2021-05-12,1388196.0
2021-05-13,1399774.0
2021-05-14,1448970.0
2021-05-15,871640.0
2021-05-16,663462.0
2021-05-17,1328657.0
2021-05-18,1371402.0
2021-05-19,1409111.0
2021-05-20,1421276.0
2021-05-21,1464257.0
2021-05-22,906929.0
2021-05-23,635428.0
2021-05-24,1335058.0
2021-05-25,1378828.0
2021-05-26,1399485.0
2021-05-27,1410766.0
2021-05-28,1467848.0
2021-05-29,922855.0
2021-05-30,675796.0
2021-05-31,1350755.0
2021-06-01,1385800.0
2021-06-02,1432631.0
2021-06-03,1447297.0
2021-06-04,1507133.0
2021-06-05,887935.0
2021-06-06,742994.0
2021-06-07,1366570.0
2021-06-08,1409811.0
2021-06-09,1458062.0
2021-06-10,1488675.0
2021-06-11,1490411.0
2021-06-12,930144.0
2021-06-13,724167.0
2021-06-14,1369137.0
2021-06-15,1417019.0
2021-06-16,1447916.0
2021-06-17,1420805.0
2021-06-18,1455185.0
2021-06-19,925546.0
2021-06-20,672409.0
2021-06-21,1363601.0
2021-06-22,1380156.0
2021-06-23,1408327.0
2021-06-24,1420879.0
2021-06-25,1424768.0
2021-06-26,910430.0
2021-06-27,699826.0
2021-06-28,1336769.0
2021-06-29,1377062.0
2021-06-30,1406028.0
2021-07-01,1419132.0
2021-07-02,1377289.0
2021-07-03,911001.0
2021-07-04,691402.0
2021-07-05,1314100.0
2021-07-06,1329222.0
2021-07-07,1350092.0
2021-07-08,1345444.0
2021-07-09,1315449.0
2021-07-10,827400.0
2021-07-11,627522.0
2021-07-12,1243682.0
2021-07-13,1279103.0
2021-07-14,1289229.0
2021-07-15,1274092.0
2021-07-16,1260440.0
2021-07-17,809226.0
2021-07-18,624873.0
2021-07-19,1180156.0
2021-07-20,1201312.0
2021-07-21,1212405.0
2021-07-22,1201615.0
2021-07-23,1172225.0
2021-07-24,754090.0
2021-07-25,595873.0
2021-07-26,1118945.0
2021-07-27,1141699.0
2021-07-28,1160104.0
2021-07-29,1144689.0
2021-07-30,1129502.0
2021-07-31,740134.0
2021-08-01,580265.0
2021-08-02,972136.0
2021-08-03,979476.0
2021-08-04,986638.0
2021-08-05,971017.0
2021-08-06,960730.0
2021-08-07,664370.0
2021-08-08,542607.0
2021-08-09,895489.0
2021-08-10,911561.0
2021-08-11,908161.0
2021-08-12,890721.0
2021-08-13,882456.0
2021-08-14,591975.0
2021-08-15,496122.0
2021-08-16,853429.0
2021-08-17,886411.0
2021-08-18,897583.0
2021-08-19,890181.0
2021-08-20,893404.0
2021-08-21,629736.0
2021-08-22,526785.0
2021-08-23,901331.0
2021-08-24,933286.0
2021-08-25,952826.0
2021-08-26,968085.0
2021-08-27,981061.0
2021-08-28,695396.0
2021-08-29,588922.0
2021-08-30,1048434.0
2021-08-31,1118508.0
2021-09-01,1169432.0
2021-09-02,1253942.0
2021-09-03,1283111.0
2021-09-04,887003.0
2021-09-05,713033.0
2021-09-06,1342306.0
2021-09-07,1410219.0
2021-09-08,1486058.0
2021-09-09,1486432.0
2021-09-10,1554467.0
2021-09-11,989662.0
2021-09-12,780942.0
2021-09-13,1488925.0
2021-09-14,1526256.0
2021-09-15,1604257.0
2021-09-16,1623524.0
2021-09-17,1713990.0
2021-09-18,1094829.0
2021-09-19,789044.0
2021-09-20,1561425.0
2021-09-21,1638811.0
2021-09-22,1657451.0
2021-09-23,1671148.0
2021-09-24,1706212.0
2021-09-25,1144446.0
2021-09-26,918593.0
2021-09-27,1604276.0
2021-09-28,1668444.0
2021-09-29,1692513.0
2021-09-30,1753716.0
2021-10-01,1827392.0
2021-10-02,1192814.0
2021-10-03,743715.0
2021-10-04,1728231.0
2021-10-05,1792689.0
2021-10-06,1799435.0
2021-10-07,1843927.0
2021-10-08,1865046.0
2021-10-09,1154149.0
2021-10-10,909222.0
2021-10-11,1426086.0
2021-10-12,936151.0
2021-10-13,1753195.0
2021-10-14,1781831.0
2021-10-15,1855026.0
2021-10-16,1122602.0
2021-10-17,820836.0
2021-10-18,1726650.0
2021-10-19,1828873.0
2021-10-20,1821753.0
2021-10-21,1837288.0
2021-10-22,1926295.0
2021-10-23,1182761.0
2021-10-24,902773.0
2021-10-25,1748405.0
2021-10-26,1807052.0
2021-10-27,1861593.0
2021-10-28,1874169.0
2021-10-29,1914764.0
2021-10-30,1172994.0
2021-10-31,1044574.0
2021-11-01,828985.0
2021-11-02,1814503.0
2021-11-03,1886292.0
2021-11-04,1897711.0
2021-11-05,1966789.0
2021-11-06,1223247.0
2021-11-07,866812.0
2021-11-08,1683080.0
2021-11-09,1002077.0
2021-11-10,1871668.0
2021-11-11,1896963.0
2021-11-12,1960732.0
2021-11-13,1259252.0
2021-11-14,915756.0
2021-11-15,1780418.0
2021-11-16,1853922.0
2021-11-17,1892598.0
2021-11-18,1906227.0
2021-11-19,1975246.0
2021-11-20,1229420.0
2021-11-21,873151.0
2021-11-22,1801519.0
2021-11-23,1856527.0
2021-11-24,1946439.0
2021-11-25,1946450.0
2021-11-26,2093606.0
2021-11-27,1379040.0
2021-11-28,988795.0
2021-11-29,1832276.0
2021-11-30,1898933.0
2021-12-01,1945507.0
2021-12-02,1940653.0
2021-12-03,1975640.0
2021-12-04,1295051.0
2021-12-05,1130519.0
2021-12-06,1087150.0
2021-12-07,1480643.0
2021-12-08,909094.0
2021-12-09,1832734.0
2021-12-10,1944155.0
2021-12-11,1336916.0
2021-12-12,961209.0
2021-12-13,1796669.0
2021-12-14,1851938.0
2021-12-15,1868697.0
2021-12-16,1869975.0
2021-12-17,1936112.0
2021-12-18,1304250.0
2021-12-19,963084.0
2021-12-20,1677640.0
2021-12-21,1655981.0
2021-12-22,1584645.0
2021-12-23,1357496.0
2021-12-24,748566.0
2021-12-25,391310.0
2021-12-26,659921.0
2021-12-27,1223408.0
2021-12-28,1243553.0
2021-12-29,1258557.0
2021-12-30,1231547.0
2021-12-31,824900.0
2022-01-01,462810.0
2022-01-02,771452.0
2022-01-03,1215838.0
2022-01-04,1229268.0
2022-01-05,1247284.0
2022-01-06,584018.0
2022-01-07,1216316.0
2022-01-08,935327.0
2022-01-09,696151.0
2022-01-10,1459925.0
2022-01-11,1484618.0
2022-01-12,1526986.0
2022-01-13,1532587.0
2022-01-14,1623135.0
2022-01-15,1023334.0
2022-01-16,737797.0
2022-01-17,1526738.0
2022-01-18,1568980.0
2022-01-19,1593770.0
2022-01-20,1626209.0
2022-01-21,1709957.0
2022-01-22,1120905.0
2022-01-23,809856.0
2022-01-24,1590679.0
2022-01-25,1629201.0
2022-01-26,1667265.0
2022-01-27,1692908.0
2022-01-28,1726192.0
2022-01-29,1152896.0
2022-01-30,843258.0
2022-01-31,1658084.0
2022-02-01,1733921.0
2022-02-02,1777276.0
2022-02-03,1784489.0
2022-02-04,1855350.0
2022-02-05,1201754.0
2022-02-06,884603.0
2022-02-07,1717964.0
2022-02-08,1781289.0
2022-02-09,1811264.0
2022-02-10,1824840.0
2022-02-11,1851245.0
2022-02-12,1191748.0
2022-02-13,876767.0
2022-02-14,1814637.0
2022-02-15,1823785.0
2022-02-16,1874874.0
2022-02-17,1859256.0
2022-02-18,1924586.0
2022-02-19,1211741.0
2022-02-20,908705.0
2022-02-21,1767839.0
2022-02-22,1849255.0
2022-02-23,1929342.0
2022-02-24,1923870.0
2022-02-25,1760900.0
2022-02-26,1209519.0
2022-02-27,978275.0
2022-02-28,1682724.0
2022-03-01,1879556.0
2022-03-02,1916782.0
2022-03-03,1921932.0
2022-03-04,2000417.0
2022-03-05,1316800.0
2022-03-06,934467.0
2022-03-07,1824495.0
2022-03-08,1957443.0
2022-03-09,1979708.0
2022-03-10,1953673.0
2022-03-11,2017924.0
2022-03-12,1312236.0
2022-03-13,932016.0
2022-03-14,1776269.0
2022-03-15,1859321.0
2022-03-16,1880659.0
2022-03-17,1924301.0
2022-03-18,1961555.0
2022-03-19,1210512.0
2022-03-20,976854.0
2022-03-21,1820197.0
2022-03-22,1890545.0
2022-03-23,1924882.0
2022-03-24,1933565.0
2022-03-25,2001798.0
2022-03-26,1257393.0
2022-03-27,890545.0
2022-03-28,1815405.0
2022-03-29,1896777.0
2022-03-30,1914170.0
2022-03-31,1961921.0
2022-04-01,2046149.0
2022-04-02,1338557.0
2022-04-03,972588.0
2022-04-04,1855012.0
2022-04-05,1932347.0
2022-04-06,1959321.0
2022-04-07,2014682.0
2022-04-08,1795314.0
2022-04-09,1178811.0
2022-04-10,936196.0
2022-04-11,1446512.0
2022-04-12,1473356.0
2022-04-13,1459898.0
2022-04-14,928773.0
2022-04-15,916560.0
2022-04-16,954743.0
2022-04-17,866621.0
2022-04-18,1475879.0
2022-04-19,1848191.0
2022-04-20,1917170.0
2022-04-21,1958254.0
2022-04-22,1996209.0
2022-04-23,1239888.0
2022-04-24,1076262.0
2022-04-25,1872050.0
2022-04-26,1938443.0
2022-04-27,1938757.0
2022-04-28,1955923.0
2022-04-29,1964593.0
2022-04-30,1271650.0
2022-05-01,985507.0
2022-05-02,834814.0
2022-05-03,1895042.0
2022-05-04,2024859.0
2022-05-05,1975871.0
2022-05-06,2030679.0
2022-05-07,1301644.0
2022-05-08,1040697.0
2022-05-09,1844744.0
2022-05-10,1911823.0
2022-05-11,1940803.0
2022-05-12,1958931.0
2022-05-13,1970480.0
2022-05-14,1254586.0
2022-05-15,1118474.0
2022-05-16,966107.0
2022-05-17,1853063.0
2022-05-18,1921105.0
2022-05-19,1917626.0
2022-05-20,1966876.0
2022-05-21,1236373.0
2022-05-22,910402.0
2022-05-23,1789163.0
2022-05-24,1866424.0
2022-05-25,1911960.0
2022-05-26,1929134.0
2022-05-27,1976569.0
2022-05-28,1330875.0
2022-05-29,1048077.0
2022-05-30,1768804.0
2022-05-31,1855063.0
2022-06-01,1925523.0
2022-06-02,1903963.0
2022-06-03,1935592.0
2022-06-04,1291689.0
2022-06-05,971067.0
2022-06-06,1758842.0
2022-06-07,1828148.0
2022-06-08,1867492.0
2022-06-09,1918061.0
2022-06-10,1893710.0
2022-06-11,1181782.0
2022-06-12,902508.0
2022-06-13,1732446.0
2022-06-14,1798914.0
2022-06-15,1816681.0
2022-06-16,1801507.0
2022-06-17,1793437.0
2022-06-18,1128556.0
2022-06-19,894341.0
2022-06-20,1709810.0
2022-06-21,1789747.0
2022-06-22,1814066.0
2022-06-23,1811766.0
2022-06-24,1812440.0
2022-06-25,1169026.0
2022-06-26,928736.0
2022-06-27,1676631.0
2022-06-28,1729252.0
2022-06-29,1718706.0
2022-06-30,1695893.0
2022-07-01,1714185.0
2022-07-02,1110726.0
2022-07-03,872759.0
2022-07-04,1606911.0
2022-07-05,1680135.0
2022-07-06,1737641.0
2022-07-07,1739770.0
2022-07-08,1713951.0
2022-07-09,1215461.0
2022-07-10,859851.0
2022-07-11,1530261.0
2022-07-12,1582686.0
2022-07-13,1598287.0
2022-07-14,1570009.0
2022-07-15,1518025.0
2022-07-16,952127.0
2022-07-17,764043.0
2022-07-18,1440862.0
2022-07-19,1514362.0
2022-07-20,1520075.0
2022-07-21,1479784.0
2022-07-22,1402653.0
2022-07-23,875584.0
2022-07-24,708432.0
2022-07-25,748725.0
2022-07-26,1409695.0
2022-07-27,1446375.0
2022-07-28,1437197.0
2022-07-29,1397686.0
2022-07-30,883914.0
2022-07-31,726704.0
2022-08-01,1207774.0
2022-08-02,1229273.0
2022-08-03,1235071.0
2022-08-04,1217197.0
2022-08-05,1191529.0
2022-08-06,822372.0
2022-08-07,663805.0
2022-08-08,1094532.0
2022-08-09,1129987.0
2022-08-10,1139092.0
2022-08-11,1121639.0
2022-08-12,1090118.0
2022-08-13,738591.0
2022-08-14,663450.0
2022-08-15,667350.0
2022-08-16,1058244.0
2022-08-17,1083789.0
2022-08-18,1088431.0
2022-08-19,1077538.0
2022-08-20,763279.0
2022-08-21,670092.0
2022-08-22,1078476.0
2022-08-23,1123292.0
2022-08-24,1146362.0
2022-08-25,1150015.0
2022-08-26,1143911.0
2022-08-27,823440.0
2022-08-28,694879.0
2022-08-29,1194334.0
2022-08-30,1279811.0
2022-08-31,1320521.0
2022-09-01,1523575.0
2022-09-02,1566537.0
2022-09-03,1108337.0
2022-09-04,906879.0
2022-09-05,1673810.0
2022-09-06,1751534.0
2022-09-07,1814836.0
2022-09-08,1838723.0
2022-09-09,1872814.0
2022-09-10,1210594.0
2022-09-11,1018710.0
2022-09-12,1830377.0
2022-09-13,1908133.0
2022-09-14,1990864.0
2022-09-15,1996397.0
2022-09-16,2025078.0
2022-09-17,1267621.0
2022-09-18,1019621.0
2022-09-19,1888503.0
2022-09-20,2005609.0
2022-09-21,2040418.0
2022-09-22,2065571.0
2022-09-23,2100649.0
2022-09-24,1354281.0
2022-09-25,1008900.0
2022-09-26,1962248.0
2022-09-27,2043404.0
2022-09-28,2087494.0
2022-09-29,2097948.0
2022-09-30,2174158.0
2022-10-01,1374937.0
2022-10-02,1098704.0
2022-10-03,2006636.0
2022-10-04,2149284.0
2022-10-05,2194744.0
2022-10-06,2176753.0
2022-10-07,2190373.0
2022-10-08,1425455.0
2022-10-09,1105653.0
2022-10-10,2000492.0
2022-10-11,2207106.0
2022-10-12,1319639.0
2022-10-13,2090003.0
2022-10-14,2162694.0
2022-10-15,1369511.0
2022-10-16,1042210.0
2022-10-17,2016357.0
2022-10-18,2139824.0
2022-10-19,2138181.0
2022-10-20,2143154.0
2022-10-21,2200047.0
2022-10-22,1445815.0
2022-10-23,1002787.0
2022-10-24,2042552.0
2022-10-25,2132956.0
2022-10-26,2212228.0
2022-10-27,2166630.0
2022-10-28,2197036.0
2022-10-29,1399314.0
2022-10-30,1164046.0
2022-10-31,1760882.0
2022-11-01,1003866.0
2022-11-02,2154633.0
2022-11-03,2181334.0
2022-11-04,2236790.0
2022-11-05,1435472.0
2022-11-06,1073297.0
2022-11-07,2061885.0
2022-11-08,2220738.0
2022-11-09,1181138.0
2022-11-10,2207742.0
2022-11-11,2224172.0
2022-11-12,1376978.0
2022-11-13,1177223.0
2022-11-14,2060723.0
2022-11-15,2145743.0
2022-11-16,2194695.0
2022-11-17,2201942.0
2022-11-18,2281973.0
2022-11-19,1474343.0
2022-11-20,1067975.0
2022-11-21,2046260.0
2022-11-22,2147064.0
2022-11-23,2162657.0
2022-11-24,2273825.0
2022-11-25,2370749.0
2022-11-26,1583404.0
2022-11-27,1146575.0
2022-11-28,2093361.0
2022-11-29,2167511.0
2022-11-30,2209595.0
2022-12-01,2241097.0
2022-12-02,2278008.0
2022-12-03,1524308.0
2022-12-04,1126144.0
2022-12-05,1798391.0
2022-12-06,1128357.0
2022-12-07,1898990.0
2022-12-08,1073926.0
2022-12-09,1975734.0
2022-12-10,1546319.0
2022-12-11,995696.0
2022-12-12,2065939.0
2022-12-13,2139639.0
2022-12-14,2207941.0
2022-12-15,2245720.0
2022-12-16,2381518.0
2022-12-17,1747737.0
2022-12-18,1230413.0
2022-12-19,2140873.0
2022-12-20,2216330.0
2022-12-21,2281969.0
2022-12-22,2186117.0
2022-12-23,1872823.0
2022-12-24,846405.0
2022-12-25,650080.0
2022-12-26,1160089.0
2022-12-27,1781695.0
2022-12-28,1834972.0
2022-12-29,1818171.0
2022-12-30,1762461.0
2022-12-31,1042777.0
2023-01-01,685684.0
2023-01-02,1581661.0
2023-01-03,1781186.0
2023-01-04,1846531.0
2023-01-05,1842966.0
2023-01-06,894382.0
2023-01-07,1257660.0
2023-01-08,977910.0
2023-01-09,1941128.0
2023-01-10,2018250.0
2023-01-11,2062881.0
2023-01-12,2080654.0
2023-01-13,2162687.0
2023-01-14,1428270.0
2023-01-15,1021255.0
2023-01-16,1992037.0
2023-01-17,2064856.0
2023-01-18,2120175.0
2023-01-19,2155218.0
2023-01-20,2226792.0
2023-01-21,1616122.0
2023-01-22,1115808.0
2023-01-23,2042669.0
2023-01-24,2123716.0
2023-01-25,2152328.0
2023-01-26,2214718.0
2023-01-27,2180472.0
2023-01-28,1477965.0
2023-01-29,1124644.0
2023-01-30,2069172.0
2023-01-31,2154530.0
2023-02-01,2227992.0
2023-02-02,2252162.0
2023-02-03,2288146.0
2023-02-04,1542933.0
2023-02-05,1143835.0
2023-02-06,2124266.0
2023-02-07,2210349.0
2023-02-08,2241168.0
2023-02-09,2247684.0
2023-02-10,2319375.0
2023-02-11,1534496.0
2023-02-12,1239238.0
2023-02-13,2124337.0
2023-02-14,2285902.0
2023-02-15,2263581.0
2023-02-16,2270821.0
2023-02-17,2298769.0
2023-02-18,1523780.0
2023-02-19,1178459.0
2023-02-20,2127223.0
2023-02-21,2213414.0
2023-02-22,2252200.0
2023-02-23,2300710.0
2023-02-24,2177381.0
2023-02-25,1545510.0
2023-02-26,1190953.0
2023-02-27,1978790.0
2023-02-28,2226948.0
2023-03-01,2262138.0
2023-03-02,2297067.0
2023-03-03,2322129.0
2023-03-04,1586337.0
2023-03-05,1098456.0
2023-03-06,2125026.0
2023-03-07,2224215.0
2023-03-08,2293231.0
2023-03-09,2239495.0
2023-03-10,2322986.0
2023-03-11,1581988.0
2023-03-12,1190784.0
2023-03-13,2134969.0
2023-03-14,2238356.0
2023-03-15,2311812.0
2023-03-16,2263120.0
2023-03-17,2277620.0
2023-03-18,1501921.0
2023-03-19,1143689.0
2023-03-20,1056847.0
2023-03-21,2192589.0
2023-03-22,2268540.0
2023-03-23,2290906.0
2023-03-24,2367644.0
2023-03-25,1594228.0
2023-03-26,1199293.0
2023-03-27,2144077.0
2023-03-28,2259452.0
2023-03-29,2283366.0
2023-03-30,2320926.0
2023-03-31,2095266.0
2023-04-01,1406590.0
2023-04-02,1195604.0
2023-04-03,1702170.0
2023-04-04,1714146.0
2023-04-05,1649991.0
2023-04-06,1099316.0
2023-04-07,1089598.0
2023-04-08,1170396.0
2023-04-09,1022443.0
2023-04-10,1754625.0
2023-04-11,2179178.0
2023-04-12,2308419.0
2023-04-13,2305672.0
2023-04-14,2370108.0
2023-04-15,1591272.0
2023-04-16,1201331.0
2023-04-17,2165635.0
2023-04-18,2265823.0
2023-04-19,2307259.0
2023-04-20,2317922.0
2023-04-21,2354803.0
2023-04-22,1584022.0
2023-04-23,1334590.0
2023-04-24,2171294.0
2023-04-25,2272945.0
2023-04-26,2347068.0
2023-04-27,2307431.0
2023-04-28,2252878.0
2023-04-29,1431071.0
2023-04-30,1222359.0
2023-05-01,1095920.0
2023-05-02,1075225.0
2023-05-03,2231346.0
2023-05-04,2266876.0
2023-05-05,2333841.0
2023-05-06,1524095.0
2023-05-07,1179225.0
2023-05-08,2137725.0
2023-05-09,2278102.0
2023-05-10,2289611.0
2023-05-11,2283880.0
2023-05-12,2305597.0
2023-05-13,1535103.0
2023-05-14,1261751.0
2023-05-15,1270727.0
2023-05-16,2151442.0
2023-05-17,2242036.0
2023-05-18,2226216.0
2023-05-19,2274101.0
2023-05-20,1485359.0
2023-05-21,1122868.0
2023-05-22,2076995.0
2023-05-23,2162488.0
2023-05-24,2231310.0
2023-05-25,2220387.0
2023-05-26,2226409.0
2023-05-27,1485007.0
2023-05-28,1114827.0
2023-05-29,2030198.0
2023-05-30,2143713.0
2023-05-31,2224335.0
2023-06-01,2184890.0
2023-06-02,2236991.0
2023-06-03,1566936.0
2023-06-04,1228403.0
2023-06-05,2060111.0
2023-06-06,2166539.0
2023-06-07,2202309.0
2023-06-08,2221302.0
2023-06-09,2283832.0
2023-06-10,1519958.0
2023-06-11,1196402.0
2023-06-12,2029220.0
2023-06-13,2119024.0
2023-06-14,2168022.0
2023-06-15,2175841.0
2023-06-16,2154495.0
2023-06-17,1449952.0
2023-06-18,1097563.0
2023-06-19,1995085.0
2023-06-20,2099487.0
2023-06-21,2132956.0
2023-06-22,2160838.0
2023-06-23,2085420.0
2023-06-24,1350071.0
2023-06-25,1057962.0
2023-06-26,1930376.0
2023-06-27,1988658.0
2023-06-28,2059652.0
2023-06-29,2064761.0
2023-06-30,2080434.0
2023-07-01,1492621.0
2023-07-02,1098411.0
2023-07-03,1850898.0
2023-07-04,1907155.0
2023-07-05,1937223.0
2023-07-06,1943537.0
2023-07-07,1878842.0
2023-07-08,1268356.0
2023-07-09,984277.0
2023-07-10,1762535.0
2023-07-11,1818676.0
2023-07-12,1843183.0
2023-07-13,1838211.0
2023-07-14,1804427.0
2023-07-15,1243241.0
2023-07-16,960502.0
2023-07-17,1669025.0
2023-07-18,1754997.0
2023-07-19,1745018.0
2023-07-20,1739075.0
2023-07-21,1686320.0
2023-07-22,1152236.0
2023-07-23,935984.0
2023-07-24,1595899.0
2023-07-25,1651766.0
2023-07-26,1677090.0
2023-07-27,1640880.0
2023-07-28,1583712.0
2023-07-29,1087656.0
2023-07-30,867870.0
2023-07-31,1436687.0
2023-08-01,1417900.0
2023-08-02,1412359.0
2023-08-03,1402627.0
2023-08-04,1381633.0
2023-08-05,977617.0
2023-08-06,793101.0
2023-08-07,1265729.0
2023-08-08,1291204.0
2023-08-09,1271405.0
2023-08-10,1267427.0
2023-08-11,1247796.0
2023-08-12,889524.0
2023-08-13,754380.0
2023-08-14,1137717.0
2023-08-15,810744.0
2023-08-16,1219177.0
2023-08-17,1213174.0
2023-08-18,1210669.0
2023-08-19,878778.0
2023-08-20,739665.0
2023-08-21,1221361.0
2023-08-22,1244390.0
2023-08-23,1268467.0
2023-08-24,1265916.0
2023-08-25,1271755.0
2023-08-26,935883.0
2023-08-27,821735.0
2023-08-28,1368053.0
2023-08-29,1450578.0
2023-08-30,1508673.0
2023-08-31,1548201.0
2023-09-01,1647442.0
2023-09-02,1161415.0
2023-09-03,730164.0
2023-09-04,1644465.0
2023-09-05,1879932.0
2023-09-06,1938001.0
2023-09-07,1966682.0
2023-09-08,1990211.0
2023-09-09,1309922.0
2023-09-10,1071563.0
2023-09-11,2019452.0
2023-09-12,2082566.0
2023-09-13,2152856.0
2023-09-14,2131675.0
2023-09-15,2131463.0
2023-09-16,1376331.0
2023-09-17,1090924.0
2023-09-18,2082271.0
2023-09-19,2180588.0
2023-09-20,2254678.0
2023-09-21,2217978.0
2023-09-22,2290592.0
2023-09-23,1496399.0
2023-09-24,1256982.0
2023-09-25,2107942.0
2023-09-26,2197540.0
2023-09-27,2289592.0
2023-09-28,2259514.0
2023-09-29,2325264.0
2023-09-30,1537369.0
2023-10-01,1193009.0
2023-10-02,2175962.0
2023-10-03,2307348.0
2023-10-04,2400828.0
2023-10-05,2373242.0
2023-10-06,2409040.0
2023-10-07,1673218.0
2023-10-08,1255611.0
2023-10-09,2218285.0
2023-10-10,2322792.0
2023-10-11,2448921.0
2023-10-12,1536615.0
2023-10-13,1954570.0
2023-10-14,1471207.0
2023-10-15,1100573.0
2023-10-16,2156159.0
2023-10-17,2262592.0
2023-10-18,2307953.0
2023-10-19,2210730.0
2023-10-20,2369929.0
2023-10-21,1547281.0
2023-10-22,1164478.0
2023-10-23,2231164.0
2023-10-24,2320055.0
2023-10-25,2347255.0
2023-10-26,2320317.0
2023-10-27,2462469.0
2023-10-28,1660335.0
2023-10-29,1220955.0
2023-10-30,2246220.0
2023-10-31,2560399.0
2023-11-01,1170046.0
2023-11-02,2254306.0
2023-11-03,2373137.0
2023-11-04,1508999.0
2023-11-05,1217034.0
2023-11-06,2272864.0
2023-11-07,2414631.0
2023-11-08,2493936.0
2023-11-09,1391673.0
2023-11-10,2236372.0
2023-11-11,1560859.0
2023-11-12,1298006.0
2023-11-13,2221324.0
2023-11-14,2323616.0
2023-11-15,2365950.0
2023-11-16,2371757.0
2023-11-17,2455244.0
2023-11-18,1739314.0
2023-11-19,1225676.0
2023-11-20,2241001.0
2023-11-21,2355780.0
2023-11-22,2397443.0
2023-11-23,2479058.0
2023-11-24,2534026.0
2023-11-25,1836108.0
2023-11-26,1278494.0
2023-11-27,2320842.0
2023-11-28,2387645.0
2023-11-29,2439909.0
2023-11-30,2405327.0
2023-12-01,2562692.0
2023-12-02,1887287.0
2023-12-03,1310762.0
2023-12-04,2267161.0
2023-12-05,2447870.0
2023-12-06,1503212.0
2023-12-07,1857965.0
2023-12-08,1617686.0
2023-12-09,1588364.0
2023-12-10,1145499.0
2023-12-11,2242209.0
2023-12-12,2370074.0
2023-12-13,2479214.0
2023-12-14,2468457.0
2023-12-15,2587679.0
2023-12-16,1866313.0
2023-12-17,1388460.0
2023-12-18,2325777.0
2023-12-19,2424413.0
2023-12-20,2437391.0
2023-12-21,2432377.0
2023-12-22,2272102.0
2023-12-23,1506599.0
2023-12-24,845662.0
2023-12-25,669494.0
2023-12-26,1782567.0
2023-12-27,1900989.0
2023-12-28,1906391.0
2023-12-29,1867870.0
2023-12-30,1437815.0
2023-12-31,1024351.0
2024-01-01,724179.0
2024-01-02,1723388.0
2024-01-03,1862751.0
2024-01-04,1865744.0
2024-01-05,1940825.0
2024-01-06,984441.0
2024-01-07,1093946.0
2024-01-08,2041458.0
2024-01-09,2124018.0
2024-01-10,2171720.0
2024-01-11,2198526.0
2024-01-12,2275519.0
2024-01-13,1518823.0
2024-01-14,1057265.0
2024-01-15,2101543.0
2024-01-16,2187259.0
2024-01-17,2224445.0
2024-01-18,2289609.0
2024-01-19,2271856.0
2024-01-20,1614987.0
2024-01-21,1207860.0
2024-01-22,2172729.0
2024-01-23,2269893.0
2024-01-24,2330282.0
2024-01-25,2397125.0
2024-01-26,2362298.0
2024-01-27,1673097.0
2024-01-28,1303618.0
2024-01-29,2174623.0
2024-01-30,2326674.0
2024-01-31,2386285.0
2024-02-01,2373673.0
2024-02-02,2435442.0
2024-02-03,1660742.0
2024-02-04,1300212.0
2024-02-05,2257736.0
2024-02-06,2355884.0
2024-02-07,2433945.0
2024-02-08,2382098.0
2024-02-09,2401728.0
2024-02-10,1714898.0
2024-02-11,1227914.0
2024-02-12,2284405.0
2024-02-13,2365280.0
2024-02-14,2478822.0
2024-02-15,2367001.0
2024-02-16,2454254.0
2024-02-17,1718986.0
2024-02-18,1251239.0
2024-02-19,2259006.0
2024-02-20,2362038.0
2024-02-21,2516156.0
2024-02-22,2274780.0
2024-02-23,2239583.0
2024-02-24,1598474.0
2024-02-25,1215188.0
2024-02-26,2301552.0
2024-02-27,2379233.0
2024-02-28,2413834.0
2024-02-29,2443681.0
2024-03-01,2499376.0
2024-03-02,1529535.0
2024-03-03,1268313.0
2024-03-04,2267824.0
2024-03-05,2385148.0
2024-03-06,2474988.0
2024-03-07,2416643.0
2024-03-08,2503358.0
2024-03-09,1642451.0
2024-03-10,1245914.0
2024-03-11,2254217.0
2024-03-12,2364834.0
2024-03-13,2435751.0
2024-03-14,2405087.0
2024-03-15,2454398.0
2024-03-16,1695296.0
2024-03-17,1290522.0
2024-03-18,2251418.0
2024-03-19,2333536.0
2024-03-20,2377010.0
2024-03-21,2421492.0
2024-03-22,2192418.0
2024-03-23,1544673.0
2024-03-24,1218172.0
2024-03-25,1723618.0
2024-03-26,1837898.0
2024-03-27,1681470.0
2024-03-28,1112560.0
2024-03-29,1067683.0
2024-03-30,1187986.0
2024-03-31,1043883.0
2024-04-01,1825845.0
2024-04-02,2275089.0
2024-04-03,2375060.0
2024-04-04,2405788.0
2024-04-05,2472944.0
2024-04-06,1703938.0
2024-04-07,1267324.0
2024-04-08,2290661.0
2024-04-09,2448572.0
2024-04-10,2470927.0
2024-04-11,2431426.0
2024-04-12,2492814.0
2024-04-13,1716564.0
2024-04-14,1280869.0
2024-04-15,2264789.0
2024-04-16,2367763.0
2024-04-17,2418483.0
2024-04-18,2420557.0
2024-04-19,2463068.0
2024-04-20,1672098.0
2024-04-21,1339580.0
2024-04-22,2311291.0
2024-04-23,2419797.0
2024-04-24,2428779.0
2024-04-25,2449118.0
2024-04-26,2489371.0
2024-04-27,1664249.0
2024-04-28,1422535.0
2024-04-29,2271572.0
2024-04-30,2401874.0
2024-05-01,1240630.0
2024-05-02,1305004.0
2024-05-03,1797737.0
2024-05-04,1481907.0
2024-05-05,1155582.0
2024-05-06,2249970.0
2024-05-07,2370281.0
2024-05-08,2507173.0
2024-05-09,2412405.0
2024-05-10,2497047.0
2024-05-11,1711469.0
2024-05-12,1377848.0
2024-05-13,2239453.0
2024-05-14,2509185.0
2024-05-15,1541687.0
2024-05-16,2335849.0
2024-05-17,2378977.0
2024-05-18,1633398.0
2024-05-19,1257048.0
2024-05-20,2204795.0
2024-05-21,2310070.0
2024-05-22,2342460.0
2024-05-23,2343460.0
2024-05-24,2412371.0
2024-05-25,1650355.0
2024-05-26,1255965.0
2024-05-27,2207912.0
2024-05-28,2309454.0
2024-05-29,2415770.0
2024-05-30,2437302.0
2024-05-31,2438101.0
2024-06-01,1761673.0
2024-06-02,1384050.0
2024-06-03,2182582.0
2024-06-04,2292745.0
2024-06-05,2329228.0
2024-06-06,2351028.0
2024-06-07,2327222.0
2024-06-08,1558565.0
2024-06-09,1229869.0
2024-06-10,2113050.0
2024-06-11,2275110.0
2024-06-12,2317163.0
2024-06-13,2317870.0
2024-06-14,2342229.0
2024-06-15,1567858.0
2024-06-16,1258871.0
2024-06-17,2173786.0
2024-06-18,2235446.0
2024-06-19,2274857.0
2024-06-20,2243591.0
2024-06-21,2267206.0
2024-06-22,1502300.0
2024-06-23,1180236.0
2024-06-24,2050048.0
2024-06-25,2141018.0
2024-06-26,2148922.0
2024-06-27,2179975.0
2024-06-28,2142570.0
2024-06-29,1486358.0
2024-06-30,1159308.0
2024-07-01,1986631.0
2024-07-02,2059374.0
2024-07-03,2127213.0
2024-07-04,2111185.0
2024-07-05,2026540.0
2024-07-06,1514394.0
2024-07-07,1146703.0
2024-07-08,1902097.0
2024-07-09,1987153.0
2024-07-10,2012635.0
2024-07-11,1993749.0
2024-07-12,2005031.0
2024-07-13,1394735.0
2024-07-14,1227264.0
2024-07-15,1915321.0
2024-07-16,1950631.0
2024-07-17,1912679.0
2024-07-18,1848667.0
2024-07-19,1804462.0
2024-07-20,1277337.0
2024-07-21,1085511.0
2024-07-22,1812121.0
2024-07-23,1853498.0
2024-07-24,1785405.0
2024-07-25,1074398.0
2024-07-26,1534700.0
2024-07-27,1153982.0
2024-07-28,944877.0
2024-07-29,1616150.0
2024-07-30,1689064.0
2024-07-31,1690655.0
2024-08-01,1574533.0
2024-08-02,1519857.0
2024-08-03,1086868.0
2024-08-04,884830.0
2024-08-05,1412041.0
2024-08-06,1437138.0
2024-08-07,1440562.0
2024-08-08,1401361.0
2024-08-09,1382418.0
2024-08-10,1017887.0
2024-08-11,847628.0
2024-08-12,1314123.0
2024-08-13,1338635.0
2024-08-14,1374332.0
2024-08-15,963481.0
2024-08-16,1227609.0
2024-08-17,1021556.0
2024-08-18,836523.0
2024-08-19,1301768.0
2024-08-20,1352807.0
2024-08-21,1387009.0
2024-08-22,1354436.0
2024-08-23,1359875.0
2024-08-24,1024412.0
2024-08-25,945092.0
2024-08-26,1417128.0
2024-08-27,1489023.0
2024-08-28,1557350.0
2024-08-29,1507911.0
2024-08-30,1595123.0
2024-08-31,1199671.0
2024-09-01,1087664.0
2024-09-02,1808145.0
2024-09-03,1933075.0
2024-09-04,2026049.0
2024-09-05,2037047.0
2024-09-06,2047048.0
2024-09-07,1470915.0
2024-09-08,1303973.0
2024-09-09,2123953.0
2024-09-10,2265168.0
2024-09-11,2307650.0
2024-09-12,2308062.0
2024-09-13,2340223.0
2024-09-14,1514224.0
2024-09-15,1247839.0
2024-09-16,2253535.0
2024-09-17,2399362.0
2024-09-18,2388287.0
2024-09-19,2396401.0
2024-09-20,2420793.0
2024-09-21,1600301.0
2024-09-22,1230468.0
2024-09-23,2289921.0
2024-09-24,2413210.0
2024-09-25,2411830.0
2024-09-26,2437031.0
2024-09-27,2485476.0
2024-09-28,1675614.0
2024-09-29,1292523.0
2024-09-30,2307713.0
2024-10-01,2428829.0
2024-10-02,2455128.0
2024-10-03,2497658.0
2024-10-04,2535551.0
2024-10-05,1785599.0
2024-10-06,1323705.0
2024-10-07,2342871.0
2024-10-08,2457555.0
2024-10-09,2470400.0
2024-10-10,2567621.0
2024-10-11,2522637.0
2024-10-12,1549086.0
2024-10-13,1310908.0
2024-10-14,2338500.0
2024-10-15,2431619.0
2024-10-16,2470511.0
2024-10-17,2513021.0
2024-10-18,2562176.0
2024-10-19,1760823.0
2024-10-20,1319589.0
2024-10-21,2362891.0
2024-10-22,2514082.0
2024-10-23,2544807.0
2024-10-24,2517564.0
2024-10-25,2581212.0
2024-10-26,1820992.0
2024-10-27,1307687.0
2024-10-28,2477733.0
2024-10-29,2480424.0
2024-10-30,2532298.0
2024-10-31,2689458.0
2024-11-01,1474201.0
2024-11-02,1577024.0
2024-11-03,1248664.0
2024-11-04,2347356.0
2024-11-05,2506175.0
2024-11-06,2535716.0
2024-11-07,2527541.0
2024-11-08,2568631.0
2024-11-09,1727221.0
2024-11-10,1293345.0
2024-11-11,2393150.0
2024-11-12,2484037.0
2024-11-13,2478468.0
2024-11-14,2498651.0
2024-11-15,2566905.0
2024-11-16,1756434.0
2024-11-17,1317871.0
2024-11-18,2381845.0
2024-11-19,2493263.0
2024-11-20,2537142.0
2024-11-21,2544040.0
2024-11-22,2621743.0
2024-11-23,1803141.0
2024-11-24,1337813.0
2024-11-25,2379559.0
2024-11-26,2486822.0
2024-11-27,2541525.0
2024-11-28,2724600.0
2024-11-29,2783341.0
2024-11-30,2021444.0
