Fecha,Demanda
2015-01-01,551814
2015-01-02,1538946
2015-01-03,1150162
2015-01-04,930805
2015-01-05,1651540
2015-01-06,592810
2015-01-07,1651108
2015-01-08,1827301
2015-01-09,1879090
2015-01-10,1145456
2015-01-11,783440
2015-01-12,1882716
2015-01-13,1893627
2015-01-14,1932888
2015-01-15,1974177
2015-01-16,1981317
2015-01-17,1139769
2015-01-18,731424
2015-01-19,1884907
2015-01-20,1904541
2015-01-21,1922739
2015-01-22,1924720
2015-01-23,1955571
2015-01-24,1105949
2015-01-25,765929
2015-01-26,1860529
2015-01-27,1891529
2015-01-28,1954836
2015-01-29,1972760
2015-01-30,1943467
2015-01-31,1270287
2015-02-01,820040
2015-02-02,1897772
2015-02-03,1942664
2015-02-04,1976085
2015-02-05,1978317
2015-02-06,1996054
2015-02-07,1123670
2015-02-08,789916
2015-02-09,1907876
2015-02-10,1967070
2015-02-11,1976167
2015-02-12,2006199
2015-02-13,1954183
2015-02-14,1224936
2015-02-15,813085
2015-02-16,1935536
2015-02-17,1970729
2015-02-18,2007186
2015-02-19,1999452
2015-02-20,2030249
2015-02-21,1139834
2015-02-22,791743
2015-02-23,1922406
2015-02-24,1971275
2015-02-25,1978455
2015-02-26,1996718
2015-02-27,2061668
2015-02-28,1178802
2015-03-01,874269
2015-03-02,1940005
2015-03-03,1989811
2015-03-04,2032560
2015-03-05,2034485
2015-03-06,2070666
2015-03-07,1171371
2015-03-08,850832
2015-03-09,1940951
2015-03-10,2024352
2015-03-11,2017285
2015-03-12,2029901
2015-03-13,2042462
2015-03-14,1171999
2015-03-15,830603
2015-03-16,1943988
2015-03-17,2009911
2015-03-18,2065380
2015-03-19,787515
2015-03-20,1852046
2015-03-21,1125402
2015-03-22,772184
2015-03-23,1961236
2015-03-24,1973216
2015-03-25,2027212
2015-03-26,2036899
2015-03-27,1860100
2015-03-28,1067890
2015-03-29,798520
2015-03-30,1522332
2015-03-31,1526976
2015-04-01,1437877
2015-04-02,778134
2015-04-03,765313
2015-04-04,844782
2015-04-05,782805
2015-04-06,1583837
2015-04-07,1965710
2015-04-08,1999779
2015-04-09,2023060
2015-04-10,2061002
2015-04-11,1188782
2015-04-12,833705
2015-04-13,1964628
2015-04-14,2041795
2015-04-15,2029459
2015-04-16,2032058
2015-04-17,2062434
2015-04-18,1219189
2015-04-19,848985
2015-04-20,1966119
2015-04-21,2005331
2015-04-22,2055017
2015-04-23,2065665
2015-04-24,2057846
2015-04-25,1211055
2015-04-26,870945
2015-04-27,1960289
2015-04-28,2004084
2015-04-29,2039637
2015-04-30,2104880
2015-05-01,882522
2015-05-02,971216
2015-05-03,778074
2015-05-04,1927429
2015-05-05,1984502
2015-05-06,2023313
2015-05-07,2036834
2015-05-08,2091030
2015-05-09,1245605
2015-05-10,926730
2015-05-11,1946744
2015-05-12,1992859
2015-05-13,2054193
2015-05-14,2046599
2015-05-15,1153412
2015-05-16,1075938
2015-05-17,826929
2015-05-18,1919889
2015-05-19,1977643
2015-05-20,1992768
2015-05-21,2011557
2015-05-22,2047054
2015-05-23,1151371
2015-05-24,807846
2015-05-25,1890765
2015-05-26,1952552
2015-05-27,1981834
2015-05-28,1989063
2015-05-29,2001712
2015-05-30,1148096
2015-05-31,878305
2015-06-01,1901754
2015-06-02,1970774
2015-06-03,2000050
2015-06-04,893542
2015-06-05,1731486
2015-06-06,1022632
2015-06-07,790182
2015-06-08,1857255
2015-06-09,1923424
2015-06-10,1923524
2015-06-11,1935614
2015-06-12,1956120
2015-06-13,1131283
2015-06-14,842338
2015-06-15,1852907
2015-06-16,1878837
2015-06-17,1889909
2015-06-18,1891290
2015-06-19,1874425
2015-06-20,1046127
2015-06-21,793807
2015-06-22,1797562
2015-06-23,1831014
2015-06-24,1831640
2015-06-25,1841553
2015-06-26,1824511
2015-06-27,986366
2015-06-28,751843
2015-06-29,1740376
2015-06-30,1777459
2015-07-01,1795051
2015-07-02,1780537
2015-07-03,1775645
2015-07-04,1117930
2015-07-05,762044
2015-07-06,1696480
2015-07-07,1703598
2015-07-08,1713224
2015-07-09,1683506
2015-07-10,1665605
2015-07-11,920392
2015-07-12,706633
2015-07-13,1603330
2015-07-14,1627054
2015-07-15,1631949
2015-07-16,1613456
2015-07-17,1561364
2015-07-18,851378
2015-07-19,677230
2015-07-20,1506628
2015-07-21,1528997
2015-07-22,1535621
2015-07-23,1534705
2015-07-24,1477093
2015-07-25,820265
2015-07-26,645666
2015-07-27,1433331
2015-07-28,1452090
2015-07-29,1466286
2015-07-30,1460318
2015-07-31,1393147
2015-08-01,769881
2015-08-02,609634
2015-08-03,1165769
2015-08-04,1177906
2015-08-05,1174220
2015-08-06,1152504
2015-08-07,1131873
2015-08-08,721451
2015-08-09,581369
2015-08-10,1074852
2015-08-11,1078639
2015-08-12,1081514
2015-08-13,1069083
2015-08-14,1053905
2015-08-15,657797
2015-08-16,567764
2015-08-17,1028269
2015-08-18,1082739
2015-08-19,1065021
2015-08-20,1056605
2015-08-21,1030741
2015-08-22,686711
2015-08-23,558034
2015-08-24,1085215
2015-08-25,1126517
2015-08-26,1151660
2015-08-27,1166591
2015-08-28,1177558
2015-08-29,781069
2015-08-30,618149
2015-08-31,1291588
2015-09-01,1532972
2015-09-02,1600094
2015-09-03,1647166
2015-09-04,1667631
2015-09-05,949714
2015-09-06,747919
2015-09-07,1691300
2015-09-08,1761476
2015-09-09,1782168
2015-09-10,1825763
2015-09-11,1868815
2015-09-12,1061985
2015-09-13,816697
2015-09-14,1766044
2015-09-15,1830322
2015-09-16,1858276
2015-09-17,1865821
2015-09-18,1922227
2015-09-19,1098627
2015-09-20,793254
2015-09-21,1831420
2015-09-22,1873487
2015-09-23,1887785
2015-09-24,1910074
2015-09-25,1954484
2015-09-26,1107694
2015-09-27,798336
2015-09-28,1871155
2015-09-29,1919525
2015-09-30,1955724
2015-10-01,2030172
2015-10-02,2089080
2015-10-03,1183376
2015-10-04,883901
2015-10-05,2018219
2015-10-06,2050152
2015-10-07,2079160
2015-10-08,2096358
2015-10-09,2080348
2015-10-10,1149521
2015-10-11,913273
2015-10-12,888462
2015-10-13,2040291
2015-10-14,2098670
2015-10-15,2129849
2015-10-16,2183358
2015-10-17,1258385
2015-10-18,843705
2015-10-19,2044469
2015-10-20,2079094
2015-10-21,2116929
2015-10-22,2105987
2015-10-23,2158356
2015-10-24,1256207
2015-10-25,926677
2015-10-26,2053947
2015-10-27,2109040
2015-10-28,2134721
2015-10-29,2135868
2015-10-30,2189416
2015-10-31,1280418
2015-11-01,895841
2015-11-02,1936987
2015-11-03,2137825
2015-11-04,2135275
2015-11-05,2142017
2015-11-06,2116325
2015-11-07,1203462
2015-11-08,907305
2015-11-09,959907
2015-11-10,2064448
2015-11-11,2101554
2015-11-12,2126389
2015-11-13,2226096
2015-11-14,1231188
2015-11-15,888300
2015-11-16,2018853
2015-11-17,2061233
2015-11-18,2062411
2015-11-19,2087839
2015-11-20,2148421
2015-11-21,1225829
2015-11-22,865139
2015-11-23,2020466
2015-11-24,2063251
2015-11-25,2111780
2015-11-26,2123788
2015-11-27,2272170
2015-11-28,1360405
2015-11-29,936088
2015-11-30,2031788
2015-12-01,2070873
2015-12-02,2127225
2015-12-03,2166100
2015-12-04,2187435
2015-12-05,1360169
2015-12-06,1122745
2015-12-07,1752892
2015-12-08,956365
2015-12-09,2069567
2015-12-10,2106433
2015-12-11,2220978
2015-12-12,1390754
2015-12-13,991228
2015-12-14,2029301
2015-12-15,2085480
2015-12-16,2128791
2015-12-17,2166102
2015-12-18,2236353
2015-12-19,1412997
2015-12-20,998115
2015-12-21,1984709
2015-12-22,2000203
2015-12-23,1826591
2015-12-24,900461
2015-12-25,506284
2015-12-26,1120088
2015-12-27,937755
2015-12-28,1650411
2015-12-29,1713778
2015-12-30,1716698
2015-12-31,1051559
2016-01-01,553616
2016-01-02,1121468
2016-01-03,874931
2016-01-04,1660447
2016-01-05,1725975
2016-01-06,623749
2016-01-07,1633806
2016-01-08,1836062
2016-01-09,1177017
2016-01-10,790207
2016-01-11,1935056
2016-01-12,1950528
2016-01-13,1992603
2016-01-14,1997005
2016-01-15,2079854
2016-01-16,1212909
2016-01-17,855177
2016-01-18,1951051
2016-01-19,1985905
2016-01-20,2029201
2016-01-21,2053767
2016-01-22,2107123
2016-01-23,1237676
2016-01-24,899099
2016-01-25,1932961
2016-01-26,1991215
2016-01-27,2026167
2016-01-28,2045723
2016-01-29,2014663
2016-01-30,1221743
2016-01-31,887358
2016-02-01,1977065
2016-02-02,2012181
2016-02-03,2061611
2016-02-04,2066052
2016-02-05,2123704
2016-02-06,1243904
2016-02-07,881880
2016-02-08,1872314
2016-02-09,2016467
2016-02-10,2042804
2016-02-11,2066630
2016-02-12,2119526
2016-02-13,1267683
2016-02-14,885345
2016-02-15,2000565
2016-02-16,2030859
2016-02-17,2064409
2016-02-18,2074237
2016-02-19,2130778
2016-02-20,1232872
2016-02-21,888522
2016-02-22,1976746
2016-02-23,2029930
2016-02-24,2089465
2016-02-25,2087722
2016-02-26,2166632
2016-02-27,1289119
2016-02-28,872598
2016-02-29,2004433
2016-03-01,2042656
2016-03-02,2069721
2016-03-03,2084405
2016-03-04,2154316
2016-03-05,1275265
2016-03-06,869281
2016-03-07,1985014
2016-03-08,2078215
2016-03-09,2057939
2016-03-10,2088196
2016-03-11,2138363
2016-03-12,1277207
2016-03-13,902267
2016-03-14,1988587
2016-03-15,2055621
2016-03-16,2068961
2016-03-17,2110292
2016-03-18,1915082
2016-03-19,1031448
2016-03-20,829098
2016-03-21,1544848
2016-03-22,1507179
2016-03-23,1427143
2016-03-24,790849
2016-03-25,764730
2016-03-26,853073
2016-03-27,745535
2016-03-28,1588158
2016-03-29,1828556
2016-03-30,1983126
2016-03-31,2039722
2016-04-01,2122968
2016-04-02,1220000
2016-04-03,838484
2016-04-04,2025829
2016-04-05,2053419
2016-04-06,2072624
2016-04-07,2097226
2016-04-08,2155337
2016-04-09,1262285
2016-04-10,896540
2016-04-11,2018026
2016-04-12,2101285
2016-04-13,2090694
2016-04-14,2073026
2016-04-15,2145323
2016-04-16,1159105
2016-04-17,924978
2016-04-18,1983609
2016-04-19,2033779
2016-04-20,2100164
2016-04-21,2089890
2016-04-22,2137949
2016-04-23,1257242
2016-04-24,1011949
2016-04-25,2003069
2016-04-26,2035463
2016-04-27,2080429
2016-04-28,2085076
2016-04-29,2053114
2016-04-30,1137216
2016-05-01,865280
2016-05-02,843694
2016-05-03,1998421
2016-05-04,2111528
2016-05-05,2090778
2016-05-06,2161235
2016-05-07,1231546
2016-05-08,842342
2016-05-09,2014048
2016-05-10,2051636
2016-05-11,2086503
2016-05-12,2076531
2016-05-13,2104313
2016-05-14,1235020
2016-05-15,1066352
2016-05-16,956972
2016-05-17,1991236
2016-05-18,2040364
2016-05-19,2058839
2016-05-20,2101779
2016-05-21,1108150
2016-05-22,830832
2016-05-23,1862155
2016-05-24,1972464
2016-05-25,2014561
2016-05-26,2031013
2016-05-27,2076769
2016-05-28,1216747
2016-05-29,916091
2016-05-30,1917008
2016-05-31,1967721
2016-06-01,1994088
2016-06-02,2014962
2016-06-03,2042323
2016-06-04,1190015
2016-06-05,962338
2016-06-06,1892611
2016-06-07,1962060
2016-06-08,1991022
2016-06-09,2022128
2016-06-10,2024328
2016-06-11,1152697
2016-06-12,865722
2016-06-13,1790581
2016-06-14,1805780
2016-06-15,1849625
2016-06-16,1852475
2016-06-17,1848130
2016-06-18,1094416
2016-06-19,826443
2016-06-20,1801052
2016-06-21,1835860
2016-06-22,1845578
2016-06-23,1838161
2016-06-24,1839190
2016-06-25,1038913
2016-06-26,805887
2016-06-27,1761750
2016-06-28,1828014
2016-06-29,1888214
2016-06-30,1869167
2016-07-01,1835531
2016-07-02,1164075
2016-07-03,799732
2016-07-04,1665156
2016-07-05,1700341
2016-07-06,1712283
2016-07-07,1681542
2016-07-08,1648883
2016-07-09,906530
2016-07-10,711074
2016-07-11,1601658
2016-07-12,1627441
2016-07-13,1666878
2016-07-14,1648936
2016-07-15,1594937
2016-07-16,874004
2016-07-17,697616
2016-07-18,1520194
2016-07-19,1540175
2016-07-20,1552010
2016-07-21,1534159
2016-07-22,1476099
2016-07-23,802889
2016-07-24,639789
2016-07-25,680396
2016-07-26,1467433
2016-07-27,1487229
2016-07-28,1488585
2016-07-29,1426997
2016-07-30,810664
2016-07-31,653974
2016-08-01,1207237
2016-08-02,1238116
2016-08-03,1235527
2016-08-04,1210180
2016-08-05,1189881
2016-08-06,722032
2016-08-07,597801
2016-08-08,1102071
2016-08-09,1106325
2016-08-10,1141506
2016-08-11,1112388
2016-08-12,1087071
2016-08-13,691900
2016-08-14,583511
2016-08-15,597073
2016-08-16,1067921
2016-08-17,1077875
2016-08-18,1082814
2016-08-19,1073968
2016-08-20,683272
2016-08-21,583089
2016-08-22,1101348
2016-08-23,1133570
2016-08-24,1160212
2016-08-25,1163099
2016-08-26,1173460
2016-08-27,777379
2016-08-28,631756
2016-08-29,1237160
2016-08-30,1305497
2016-08-31,1374325
2016-09-01,1534491
2016-09-02,1566870
2016-09-03,917001
2016-09-04,751372
2016-09-05,1671094
2016-09-06,1726487
2016-09-07,1762172
2016-09-08,1796629
2016-09-09,1814686
2016-09-10,1083912
2016-09-11,856498
2016-09-12,1802318
2016-09-13,1852038
2016-09-14,1897886
2016-09-15,1901916
2016-09-16,1927931
2016-09-17,1099468
2016-09-18,816977
2016-09-19,1857033
2016-09-20,1905258
2016-09-21,1953497
2016-09-22,1958484
2016-09-23,1997272
2016-09-24,1130895
2016-09-25,844496
2016-09-26,1906459
2016-09-27,1968551
2016-09-28,2027464
2016-09-29,2017543
2016-09-30,2088514
2016-11-01,857213
2016-11-02,2079544
2016-11-03,2105141
2016-11-04,2178757
2016-11-05,1143045
2016-11-06,919209
2016-11-07,2044446
2016-11-08,2152689
2016-11-09,1034465
2016-11-10,2114955
2016-11-11,2156045
2016-11-12,1209202
2016-11-13,929394
2016-11-14,2073506
2016-11-15,2132031
2016-11-16,2160843
2016-11-17,2176481
2016-11-18,2245806
2016-11-19,1310574
2016-11-20,859572
2016-11-21,2096447
2016-11-22,2133251
2016-11-23,2204299
2016-11-24,2198240
2016-11-25,2400163
2016-11-26,1344218
2016-11-27,943972
2016-11-28,2097814
2016-11-29,2151517
2016-11-30,2207381
2016-12-01,2204496
2016-12-02,2294117
2016-12-03,1440885
2016-12-04,914458
2016-12-05,2117364
2016-12-06,1174616
2016-12-07,2151753
2016-12-08,1214605
2016-12-09,1900868
2016-12-10,1389900
2016-12-11,978970
2016-12-12,2109560
2016-12-13,2179678
2016-12-14,2212635
2016-12-15,2231429
2016-12-16,2356612
2016-12-17,1567597
2016-12-18,1119072
2016-12-19,2155477
2016-12-20,2219324
2016-12-21,2265202
2016-12-22,2214078
2016-12-23,1902736
2016-12-24,737763
2016-12-25,551314
2016-12-26,1018343
2016-12-27,1763405
2016-12-28,1858372
2016-12-29,1920335
2016-12-30,1784589
2016-12-31,946322
2017-01-01,621553
2017-01-02,1597351
2017-01-03,1751080
2017-01-04,1844664
2017-01-05,1807169
2017-01-06,738167
2017-01-07,1191545
2017-01-08,882575
2017-01-09,1983889
2017-01-10,2028669
2017-01-11,2067441
2017-01-12,2070392
2017-01-13,2161850
2017-01-14,1286005
2017-01-15,868529
2017-01-16,2023284
2017-01-17,2068435
2017-01-18,2135549
2017-01-19,2124265
2017-01-20,2178277
2017-01-21,1326639
2017-01-22,907479
2017-01-23,2024695
2017-01-24,2071268
2017-01-25,2103831
2017-01-26,2117424
2017-01-27,2109544
2017-01-28,1284488
2017-01-29,892480
2017-01-30,2013707
2017-01-31,2084693
2017-02-01,2143184
2017-02-02,2154693
2017-02-03,2233543
2017-02-04,1274366
2017-02-05,907976
2017-02-06,2066311
2017-02-07,2125625
2017-02-08,2165440
2017-02-09,2180415
2017-02-10,2261102
2017-02-11,1277757
2017-02-12,882400
2017-02-13,2103324
2017-02-14,2186883
2017-02-15,2223254
2017-02-16,2222953
2017-02-17,2164554
2017-02-18,1334277
2017-02-19,967396
2017-02-20,2096746
2017-02-21,2150336
2017-02-22,2171081
2017-02-23,2180030
2017-02-24,2119557
2017-02-25,1391930
2017-02-26,1003845
2017-02-27,2065367
2017-02-28,2161133
2017-03-01,2220590
2017-03-02,2212574
2017-03-03,2224710
2017-03-04,1305408
2017-03-05,921685
2017-03-06,2083501
2017-03-07,2136882
2017-03-08,2218681
2017-03-09,2156180
2017-03-10,2240766
2017-03-11,1363644
2017-03-12,1008470
2017-03-13,2081634
2017-03-14,2137561
2017-03-15,2197646
2017-03-16,2256653
2017-03-17,2062817
2017-03-18,1164085
2017-03-19,913334
2017-03-20,868171
2017-03-21,2110613
2017-03-22,2172944
2017-03-23,2176697
2017-03-24,2219164
2017-03-25,1284784
2017-03-26,885792
2017-03-27,2081063
2017-03-28,2143114
2017-03-29,2180607
2017-03-30,2199496
2017-03-31,2281381
2017-04-01,1374070
2017-04-02,1070209
2017-04-03,2120259
2017-04-04,2189466
2017-04-05,2213873
2017-04-06,2257351
2017-04-07,2066469
2017-04-08,1246018
2017-04-09,946647
2017-04-10,1635758
2017-04-11,1640865
2017-04-12,1567273
2017-04-13,875519
2017-04-14,862663
2017-04-15,934833
2017-04-16,833561
2017-04-17,1689144
2017-04-18,2130200
2017-04-19,2176147
2017-04-20,2201379
2017-04-21,2288116
2017-04-22,1357920
2017-04-23,1175339
2017-04-24,2135084
2017-04-25,2199835
2017-04-26,2217925
2017-04-27,2276522
2017-04-28,2181776
2017-04-29,1133054
2017-04-30,919855
2017-05-01,883792
2017-05-02,937536
2017-05-03,2128117
2017-05-04,2166961
2017-05-05,2240680
2017-05-06,1324274
2017-05-07,1000790
2017-05-08,2114210
2017-05-09,2170282
2017-05-10,2219407
2017-05-11,2208030
2017-05-12,2221043
2017-05-13,1327654
2017-05-14,1101774
2017-05-15,1081135
2017-05-16,2116046
2017-05-17,2172679
2017-05-18,2185377
2017-05-19,2242043
2017-05-20,1307273
2017-05-21,952170
2017-05-22,2083495
2017-05-23,2129896
2017-05-24,2170994
2017-05-25,2187674
2017-05-26,2219735
2017-05-27,1303494
2017-05-28,954524
2017-05-29,2064690
2017-05-30,2169446
2017-05-31,2162292
2017-06-01,2163885
2017-06-02,2216045
2017-06-03,1348058
2017-06-04,1077999
2017-06-05,2063665
2017-06-06,2137737
2017-06-07,2145763
2017-06-08,2175376
2017-06-09,2179768
2017-06-10,1264014
2017-06-11,972224
2017-06-12,2031891
2017-06-13,2079442
2017-06-14,2103006
2017-06-15,2107238
2017-06-16,2104764
2017-06-17,1188924
2017-06-18,883814
2017-06-19,1994425
2017-06-20,2038695
2017-06-21,2082851
2017-06-22,2099533
2017-06-23,2046466
2017-06-24,1210746
2017-06-25,905795
2017-06-26,1961779
2017-06-27,1997910
2017-06-28,2019629
2017-06-29,2008314
2017-06-30,2020584
2017-07-01,1371812
2017-07-02,939714
2017-07-03,1885400
2017-07-04,1902191
2017-07-05,1919797
2017-07-06,1844256
2017-07-07,1807623
2017-07-08,1053378
2017-07-09,845969
2017-07-10,1793666
2017-07-11,1824801
2017-07-12,1852458
2017-07-13,1830260
2017-07-14,1784484
2017-07-15,999378
2017-07-16,816001
2017-07-17,1680149
2017-07-18,1719014
2017-07-19,1740279
2017-07-20,1719987
2017-07-21,1668376
2017-07-22,937834
2017-07-23,752571
2017-07-24,1587584
2017-07-25,1635568
2017-07-26,1662704
2017-07-27,1701472
2017-07-28,1612483
2017-07-29,910675
2017-07-30,733032
2017-07-31,1465275
2017-08-01,1415554
2017-08-02,1417677
2017-08-03,1390901
2017-08-04,1356940
2017-08-05,820539
2017-08-06,669881
2017-08-07,1243549
2017-08-08,1261258
2017-08-09,1280210
2017-08-10,1271919
2017-08-11,1244024
2017-08-12,802148
2017-08-13,655051
2017-08-14,1082983
2017-08-15,716900
2017-08-16,1242526
2017-08-17,1205360
2017-08-18,1173468
2017-08-19,763031
2017-08-20,640132
2017-08-21,1205831
2017-08-22,1243808
2017-08-23,1277102
2017-08-24,1266575
2017-08-25,1279533
2017-08-26,826837
2017-08-27,699118
2017-08-28,1295203
2017-08-29,1402144
2017-08-30,1472916
2017-08-31,1521208
2017-09-01,1655638
2017-09-02,1041685
2017-09-03,822394
2017-09-04,1783578
2017-09-05,1838341
2017-09-06,1897743
2017-09-07,1933734
2017-09-08,1932950
2017-09-09,1177445
2017-09-10,968878
2017-09-11,1962665
2017-09-12,1988979
2017-09-13,2069221
2017-09-14,2054258
2017-09-15,2100813
2017-09-16,1291685
2017-09-17,925575
2017-09-18,2014994
2017-09-19,2076183
2017-09-20,2136850
2017-09-21,2121846
2017-09-22,2181363
2017-09-23,1303727
2017-09-24,938304
2017-09-25,2083161
2017-09-26,2147269
2017-09-27,2235625
2017-09-28,2144576
2017-09-29,2266382
2017-09-30,1344209
2017-10-01,1022905
2017-10-02,2144920
2017-10-03,2206056
2017-10-04,2242827
2017-10-05,2263437
2017-10-06,2333653
2017-10-07,1405510
2017-10-08,980802
2017-10-09,2169102
2017-10-10,2225700
2017-10-11,2342401
2017-10-12,1196586
2017-10-13,1858034
2017-10-14,1300146
2017-10-15,920127
2017-10-16,2177043
2017-10-17,2299626
2017-10-18,2330590
2017-10-19,2315691
2017-10-20,2378816
2017-10-21,1405751
2017-10-22,1022922
2017-10-23,2197027
2017-10-24,2247640
2017-10-25,2309841
2017-10-26,2322656
2017-10-27,2392784
2017-10-28,1461797
2017-10-29,1000539
2017-10-30,2197474
2017-10-31,2477787
2017-11-01,992617
2017-11-02,2237363
2017-11-03,2318918
2017-11-04,1323101
2017-11-05,1005439
2017-11-06,2219131
2017-11-07,2250868
2017-11-08,2366148
2017-11-09,1162915
2017-11-10,2123710
2017-11-11,1303804
2017-11-12,957606
2017-11-13,2196601
2017-11-14,2254168
2017-11-15,2278502
2017-11-16,2305302
2017-11-17,2394102
2017-11-18,1492117
2017-11-19,989204
2017-11-20,2222629
2017-11-21,2280411
2017-11-22,2345235
2017-11-23,2330556
2017-11-24,2496664
2017-11-25,1529868
2017-11-26,1048649
2017-11-27,2216870
2017-11-28,2286858
2017-11-29,2439197
2017-11-30,2351442
2017-12-01,2455018
2017-12-02,1539153
2017-12-03,1062785
2017-12-04,2210726
2017-12-05,2351792
2017-12-06,1266168
2017-12-07,1916820
2017-12-08,1317849
2017-12-09,1396895
2017-12-10,926743
2017-12-11,2195220
2017-12-12,2277806
2017-12-13,2309920
2017-12-14,2335346
2017-12-15,2477189
2017-12-16,1626723
2017-12-17,1139003
2017-12-18,2169397
2017-12-19,2232272
2017-12-20,2288591
2017-12-21,2319904
2017-12-22,2188623
2017-12-23,1278867
2017-12-24,674927
2017-12-25,519058
2017-12-26,1688925
2017-12-27,1817087
2017-12-28,1830415
2017-12-29,1798150
2017-12-30,1250098
2017-12-31,878144
2018-01-01,601739
2018-01-02,1682320
2018-01-03,1836198
2018-01-04,1871745
2018-01-05,1841607
2018-01-06,772025
2018-01-07,888370
2018-01-08,2050926
2018-01-09,2142160
2018-01-10,2161536
2018-01-11,2170137
2018-01-12,2279308
2018-01-13,1329018
2018-01-14,943840
2018-01-15,2117784
2018-01-16,2165772
2018-01-17,2263781
2018-01-18,2237346
2018-01-19,2330158
2018-01-20,1446006
2018-01-21,1016452
2018-01-22,2117808
2018-01-23,2197272
2018-01-24,2230172
2018-01-25,2222431
2018-01-26,2254618
2018-01-27,1377569
2018-01-28,1006106
2018-01-29,2124559
2018-01-30,2197333
2018-01-31,2234340
2018-02-01,2265865
2018-02-02,2344713
2018-02-03,1390233
2018-02-04,933316
2018-02-05,2221531
2018-02-06,2256902
2018-02-07,2287440
2018-02-08,2298271
2018-02-09,2371442
2018-02-10,1444269
2018-02-11,1028734
2018-02-12,2225363
2018-02-13,2289564
2018-02-14,2413856
2018-02-15,2192370
2018-02-16,2196237
2018-02-17,1360123
2018-02-18,1052828
2018-02-19,2188879
2018-02-20,2257304
2018-02-21,2308495
2018-02-22,2369882
2018-02-23,2395537
2018-02-24,1471665
2018-02-25,1030489
2018-02-26,2205003
2018-02-27,2278315
2018-02-28,2354743
2018-03-01,2339224
2018-03-02,2422118
2018-03-03,1411927
2018-03-04,978563
2018-03-05,2237771
2018-03-06,2285998
2018-03-07,2335991
2018-03-08,2376275
2018-03-09,2344245
2018-03-10,1309307
2018-03-11,1000654
2018-03-12,2216977
2018-03-13,2238629
2018-03-14,2322659
2018-03-15,2312451
2018-03-16,2417626
2018-03-17,1455250
2018-03-18,1058825
2018-03-19,2194885
2018-03-20,2280314
2018-03-21,2325940
2018-03-22,2358615
2018-03-23,2129153
2018-03-24,1244877
2018-03-25,918137
2018-03-26,1738231
2018-03-27,1778229
2018-03-28,1656868
2018-03-29,960352
2018-03-30,910094
2018-03-31,1002981
2018-04-01,932802
2018-04-02,1820115
2018-04-03,2210808
2018-04-04,2280485
2018-04-05,2359338
2018-04-06,2403512
2018-04-07,1398728
2018-04-08,1070307
2018-04-09,2242025
2018-04-10,2312445
2018-04-11,2364763
2018-04-12,2357846
2018-04-13,2394687
2018-04-14,1390381
2018-04-15,1060173
2018-04-16,2221082
2018-04-17,2286598
2018-04-18,2348918
2018-04-19,2337482
2018-04-20,2427009
2018-04-21,1484938
2018-04-22,1179775
2018-04-23,2249228
2018-04-24,2296346
2018-04-25,2326610
2018-04-26,2415069
2018-04-27,2315971
2018-04-28,1298071
2018-04-29,939348
2018-04-30,1631201
2018-05-01,978114
2018-05-02,990788
2018-05-03,2261722
2018-05-04,2326250
2018-05-05,1372067
2018-05-06,1070360
2018-05-07,2230970
2018-05-08,2309531
2018-05-09,2334999
2018-05-10,2333322
2018-05-11,2377140
2018-05-12,1405691
2018-05-13,1025857
2018-05-14,2103275
2018-05-15,1246754
2018-05-16,2293766
2018-05-17,2289824
2018-05-18,2361221
2018-05-19,1347791
2018-05-20,1010772
2018-05-21,2170493
2018-05-22,2217717
2018-05-23,2288728
2018-05-24,2271402
2018-05-25,2325727
2018-05-26,1380342
2018-05-27,1090112
2018-05-28,2168656
2018-05-29,2203092
2018-05-30,2246921
2018-05-31,2260567
2018-06-01,2231467
2018-06-02,1307911
2018-06-03,1064964
2018-06-04,2087745
2018-06-05,2202504
2018-06-06,2240158
2018-06-07,2297881
2018-06-08,2213159
2018-06-09,1352432
2018-06-10,991799
2018-06-11,2112509
2018-06-12,2166549
2018-06-13,2218341
2018-06-14,2198877
2018-06-15,2145836
2018-06-16,1237680
2018-06-17,962581
2018-06-18,2076784
2018-06-19,2134936
2018-06-20,2151359
2018-06-21,2168560
2018-06-22,2210100
2018-06-23,1254842
2018-06-24,933932
2018-06-25,2016843
2018-06-26,2080515
2018-06-27,2095813
2018-06-28,2130958
2018-06-29,2146333
2018-06-30,1217450
2018-07-01,937008
2018-07-02,1961611
2018-07-03,2004756
2018-07-04,2045065
2018-07-05,2028752
2018-07-06,1980098
2018-07-07,1294935
2018-07-08,906506
2018-07-09,1851589
2018-07-10,1893262
2018-07-11,1909088
2018-07-12,1947829
2018-07-13,1899647
2018-07-14,1141388
2018-07-15,841172
2018-07-16,1764479
2018-07-17,1800936
2018-07-18,1821780
2018-07-19,1798594
2018-07-20,1735368
2018-07-21,989844
2018-07-22,794481
2018-07-23,1653354
2018-07-24,1696018
2018-07-25,1702266
2018-07-26,1703690
2018-07-27,1660338
2018-07-28,972205
2018-07-29,794771
2018-07-30,1601956
2018-07-31,1621055
2018-08-01,1522474
2018-08-02,1434796
2018-08-03,1376588
2018-08-04,816665
2018-08-05,666965
2018-08-06,1237164
2018-08-07,1271537
2018-08-08,1283765
2018-08-09,1265725
2018-08-10,1240314
2018-08-11,826407
2018-08-12,658000
2018-08-13,1155414
2018-08-14,1193418
2018-08-15,730514
2018-08-16,1138303
2018-08-17,1143069
2018-08-18,762707
2018-08-19,671669
2018-08-20,1182571
2018-08-21,1214599
2018-08-22,1230277
2018-08-23,1230009
2018-08-24,1225423
2018-08-25,815164
2018-08-26,673367
2018-08-27,1278759
2018-08-28,1332779
2018-08-29,1382639
2018-08-30,1413471
2018-08-31,1455455
2018-09-01,995817
2018-09-02,827264
2018-09-03,1772320
2018-09-04,1853191
2018-09-05,1929803
2018-09-06,1957558
2018-09-07,2005638
2018-09-08,1148892
2018-09-09,931224
2018-09-10,2051549
2018-09-11,2083137
2018-09-12,2140390
2018-09-13,2190106
2018-09-14,2182187
2018-09-15,1265055
2018-09-16,987585
2018-09-17,2131052
2018-09-18,2180056
2018-09-19,2260322
2018-09-20,2250989
2018-09-21,2332201
2018-09-22,1348057
2018-09-23,983820
2018-09-24,2170188
2018-09-25,2265296
2018-09-26,2256754
2018-09-27,2285132
2018-09-28,2385898
2018-09-29,1408193
2018-09-30,1030793
2018-10-01,2252837
2018-10-02,2320034
2018-10-03,2389272
2018-10-04,2352802
2018-10-05,2424683
2018-10-06,1413095
2018-10-07,1104209
2018-10-08,2265694
2018-10-09,2354663
2018-10-10,2376594
2018-10-11,2408782
2018-10-12,1246341
2018-10-13,1269611
2018-10-14,898567
2018-10-15,2224706
2018-10-16,2312507
2018-10-17,2352012
2018-10-18,2370950
2018-10-19,2469775
2018-10-20,1462969
2018-10-21,1047493
2018-10-22,2267400
2018-10-23,2372552
2018-10-24,2377280
2018-10-25,2405736
2018-10-26,2451776
2018-10-27,1415642
2018-10-28,1035277
2018-10-29,2304800
2018-10-30,2384679
2018-10-31,2570888
2018-11-01,1110352
2018-11-02,1929029
2018-11-03,1386908
2018-11-04,1011381
2018-11-05,2318361
2018-11-06,2412749
2018-11-07,2401230
2018-11-08,2461774
2018-11-09,1331429
2018-11-10,1313085
2018-11-11,959527
2018-11-12,2278431
2018-11-13,2382019
2018-11-14,2392854
2018-11-15,2412523
2018-11-16,2484949
2018-11-17,1466759
2018-11-18,1008376
2018-11-19,2305808
2018-11-20,2375704
2018-11-21,2408093
2018-11-22,2427836
2018-11-23,2610810
2018-11-24,1597617
2018-11-25,1092798
2018-11-26,2321983
2018-11-27,2382993
2018-11-28,2484796
2018-11-29,2447949
2018-11-30,2573561
2018-12-01,1663164
2018-12-02,1106036
2018-12-03,2328671
2018-12-04,2385409
2018-12-05,2519295
2018-12-06,1365098
2018-12-07,1967946
2018-12-08,1438521
2018-12-09,1135857
2018-12-10,2285470
2018-12-11,2375875
2018-12-12,2498647
2018-12-13,2441288
2018-12-14,2558122
2018-12-15,1662288
2018-12-16,1124543
2018-12-17,2311457
2018-12-18,2370035
2018-12-19,2418871
2018-12-20,2463795
2018-12-21,2405663
2018-12-22,1445907
2018-12-23,1141777
2018-12-24,991034
2018-12-25,583428
2018-12-26,1814209
2018-12-27,1923731
2018-12-28,1984706
2018-12-29,1433642
2018-12-30,1210725
2018-12-31,1233615
2019-01-01,653148
2019-01-02,1805500
2019-01-03,1912327
2019-01-04,1926029
2019-01-05,1377603
2019-01-06,811506
2019-01-07,1012869
2019-01-08,2161057
2019-01-09,2239761
2019-01-10,2249798
2019-01-11,2324311
2019-01-12,1384649
2019-01-13,1021259
2019-01-14,2187579
2019-01-15,2218600
2019-01-16,2343734
2019-01-17,2312223
2019-01-18,2382296
2019-01-19,1398332
2019-01-20,1003946
2019-01-21,2270298
2019-01-22,2333452
2019-01-23,2425087
2019-01-24,2434080
2019-01-25,2410313
2019-01-26,1555013
2019-01-27,1109799
2019-01-28,2252438
2019-01-29,2329501
2019-01-30,2384916
2019-01-31,2370742
2019-02-01,2451312
2019-02-02,1482906
2019-02-03,1094999
2019-02-04,2290486
2019-02-05,2346802
2019-02-06,2355182
2019-02-07,2362566
2019-02-08,2437281
2019-02-09,1480198
2019-02-10,1138060
2019-02-11,2250024
2019-02-12,2311650
2019-02-13,2343046
2019-02-14,2406872
2019-02-15,2416329
2019-02-16,1465221
2019-02-17,1094252
2019-02-18,2239934
2019-02-19,2311124
2019-02-20,2390403
2019-02-21,2349016
2019-02-22,2404126
2019-02-23,1427476
2019-02-24,1066136
2019-02-25,2237488
2019-02-26,2328074
2019-02-27,2420696
2019-02-28,2445705
2019-03-01,2314540
2019-03-02,1477464
2019-03-03,1111589
2019-03-04,2125873
2019-03-05,2363450
2019-03-06,2336542
2019-03-07,2387951
2019-03-08,2370071
2019-03-09,1435722
2019-03-10,1051778
2019-03-11,2238006
2019-03-12,2313606
2019-03-13,2355460
2019-03-14,2357288
2019-03-15,2392714
2019-03-16,1463059
2019-03-17,1090027
2019-03-18,2249794
2019-03-19,2295522
2019-03-20,2343719
2019-03-21,2363628
2019-03-22,2402792
2019-03-23,1388574
2019-03-24,1046683
2019-03-25,2234619
2019-03-26,2306029
2019-03-27,2357233
2019-03-28,2376380
2019-03-29,2429542
2019-03-30,1454316
2019-03-31,1029732
2019-04-01,2196230
2019-04-02,2328386
2019-04-03,2358989
2019-04-04,2377124
2019-04-05,2431320
2019-04-06,1449958
2019-04-07,1064885
2019-04-08,2278046
2019-04-09,2340674
2019-04-10,2374677
2019-04-11,2412151
2019-04-12,2176903
2019-04-13,1318688
2019-04-14,1007596
2019-04-15,1744145
2019-04-16,1743531
2019-04-17,1662486
2019-04-18,842898
2019-04-19,834693
2019-04-20,987930
2019-04-21,903884
2019-04-22,1818233
2019-04-23,2265912
2019-04-24,2347973
2019-04-25,2411961
2019-04-26,2427309
2019-04-27,1592920
2019-04-28,1023200
2019-04-29,2210151
2019-04-30,2331123
2019-05-01,1016980
2019-05-02,1043859
2019-05-03,1688653
2019-05-04,1197022
2019-05-05,970218
2019-05-06,2190928
2019-05-07,2277487
2019-05-08,2324975
2019-05-09,2325593
2019-05-10,2384894
2019-05-11,1441574
2019-05-12,1152376
2019-05-13,2211363
2019-05-14,2382869
2019-05-15,1293389
2019-05-16,2269769
2019-05-17,2310943
2019-05-18,1336913
2019-05-19,1021983
2019-05-20,2151988
2019-05-21,2198695
2019-05-22,2254243
2019-05-23,2239208
2019-05-24,2272092
2019-05-25,1294921
2019-05-26,963249
2019-05-27,2151293
2019-05-28,2227900
2019-05-29,2267908
2019-05-30,2304029
2019-05-31,2391891
2019-06-01,1516249
2019-06-02,1055103
2019-06-03,2215021
2019-06-04,2293574
2019-06-05,2344611
2019-06-06,2381212
2019-06-07,2343262
2019-06-08,1388236
2019-06-09,1072778
2019-06-10,2244052
2019-06-11,2298522
2019-06-12,2310703
2019-06-13,2334666
2019-06-14,2308366
2019-06-15,1385164
2019-06-16,1019002
2019-06-17,2154239
2019-06-18,2205533
2019-06-19,2230693
2019-06-20,2238633
2019-06-21,2225667
2019-06-22,1322094
2019-06-23,1031828
2019-06-24,2058244
2019-06-25,2151125
2019-06-26,2169542
2019-06-27,2156505
2019-06-28,2149676
2019-06-29,1288865
2019-06-30,1000385
2019-07-01,2013635
2019-07-02,2056656
2019-07-03,2110633
2019-07-04,2085896
2019-07-05,2074448
2019-07-06,1355360
2019-07-07,1002919
2019-07-08,1924241
2019-07-09,1957591
2019-07-10,1993396
2019-07-11,1964633
2019-07-12,1886072
2019-07-13,1084260
2019-07-14,875875
2019-07-15,1821928
2019-07-16,1866012
2019-07-17,1871519
2019-07-18,1864935
2019-07-19,1810071
2019-07-20,1037663
2019-07-21,831976
2019-07-22,1709638
2019-07-23,1744288
2019-07-24,1770803
2019-07-25,1745295
2019-07-26,1734639
2019-07-27,997069
2019-07-28,801664
2019-07-29,1623241
2019-07-30,1661983
2019-07-31,1669845
2019-08-01,1552793
2019-08-02,1491696
2019-08-03,901882
2019-08-04,728688
2019-08-05,1349883
2019-08-06,1372361
2019-08-07,1384491
2019-08-08,1346198
2019-08-09,1314002
2019-08-10,847730
2019-08-11,703450
2019-08-12,1232103
2019-08-13,1250473
2019-08-14,1268552
2019-08-15,777877
2019-08-16,1080422
2019-08-17,791091
2019-08-18,709821
2019-08-19,1213785
2019-08-20,1264851
2019-08-21,1289404
2019-08-22,1282669
2019-08-23,1275328
2019-08-24,867836
2019-08-25,711781
2019-08-26,1304491
2019-08-27,1398963
2019-08-28,1448894
2019-08-29,1467085
2019-08-30,1485625
2019-08-31,1012649
2019-09-01,889958
2019-09-02,1790868
2019-09-03,1897419
2019-09-04,1972214
2019-09-05,2011190
2019-09-06,2017660
2019-09-07,1207855
2019-09-08,954553
2019-09-09,2049224
2019-09-10,2182489
2019-09-11,2224166
2019-09-12,2245005
2019-09-13,2249476
2019-09-14,1213106
2019-09-15,969643
2019-09-16,2219236
2019-09-17,2249966
2019-09-18,2339056
2019-09-19,2319955
2019-09-20,2361059
2019-09-21,1354712
2019-09-22,1026868
2019-09-23,2228426
2019-09-24,2296141
2019-09-25,2354689
2019-09-26,2356331
2019-09-27,2452901
2019-09-28,1457224
2019-09-29,1076241
2019-09-30,2298059
2019-10-01,2415503
2019-10-02,2432479
2019-10-03,2433003
2019-10-04,2511757
2019-10-05,1522362
2019-10-06,1116662
2019-10-07,2311039
2019-10-08,2382912
2019-10-09,2424762
2019-10-10,2451308
2019-10-11,2470903
2019-10-12,1449483
2019-10-13,1061297
2019-10-14,2326971
2019-10-15,2407787
2019-10-16,2455222
2019-10-17,2285207
2019-10-18,2481006
2019-10-19,1559069
2019-10-20,1077009
2019-10-21,2336723
2019-10-22,2450285
2019-10-23,2449429
2019-10-24,2454824
2019-10-25,2513013
2019-10-26,1541399
2019-10-27,1097468
2019-10-28,2357111
2019-10-29,2439454
2019-10-30,2539757
2019-10-31,2391931
2019-11-01,1210458
2019-11-02,1364751
2019-11-03,1023286
2019-11-04,2325621
2019-11-05,2428359
2019-11-06,2491256
2019-11-07,2493785
2019-11-08,2551202
2019-11-09,1375367
2019-11-10,1087443
2019-11-11,2333611
2019-11-12,2423163
2019-11-13,2461431
2019-11-14,2485495
2019-11-15,2533426
2019-11-16,1512416
2019-11-17,1052087
2019-11-18,2371011
2019-11-19,2423155
2019-11-20,2463102
2019-11-21,2474349
2019-11-22,2628025
2019-11-23,1634102
2019-11-24,1143088
2019-11-25,2434244
2019-11-26,2499461
2019-11-27,2549893
2019-11-28,2525087
2019-11-29,2747473
2019-11-30,1735319
2019-12-01,1176141
2019-12-02,2421405
2019-12-03,2475172
2019-12-04,2492372
2019-12-05,2547111
2019-12-06,1463494
2019-12-07,1555254
2019-12-08,1158508
2019-12-09,1135002
2019-12-10,2446361
2019-12-11,2588846
2019-12-12,2541703
2019-12-13,2638288
2019-12-14,1745190
2019-12-15,1225052
2019-12-16,2386442
2019-12-17,2445275
2019-12-18,2502073
2019-12-19,2552635
2019-12-20,2504751
2019-12-21,1581484
2019-12-22,1258924
2019-12-23,1932449
2019-12-24,1059317
2019-12-25,638256
2019-12-26,1884020
2019-12-27,1952367
2019-12-28,1458347
2019-12-29,1193113
2019-12-30,1828989
2019-12-31,1254479
2020-01-01,693282
2020-01-02,1842831
2020-01-03,1930476
2020-01-04,1444111
2020-01-05,1283230
2020-01-06,791622
2020-01-07,1950881
2020-01-08,2240072
2020-01-09,2268143
2020-01-10,2396376
2020-01-11,1428576
2020-01-12,1033727
2020-01-13,2236178
2020-01-14,2282509
2020-01-15,2302557
2020-01-16,2316345
2020-01-17,2436564
2020-01-18,1434791
2020-01-19,1046358
2020-01-20,2276496
2020-01-21,2312133
2020-01-22,2380262
2020-01-23,2413774
2020-01-24,2426240
2020-01-25,1481886
2020-01-26,1181451
2020-01-27,2268655
2020-01-28,2306357
2020-01-29,2376265
2020-01-30,2404570
2020-01-31,2413691
2020-02-01,1512948
2020-02-02,1086730
2020-02-03,2325765
2020-02-04,2397622
2020-02-05,2449372
2020-02-06,2484590
2020-02-07,2520757
2020-02-08,1504007
2020-02-09,1064653
2020-02-10,2328177
2020-02-11,2400703
2020-02-12,2433438
2020-02-13,2452370
2020-02-14,2569768
2020-02-15,1511965
2020-02-16,1146105
2020-02-17,2325478
2020-02-18,2452586
2020-02-19,2434865
2020-02-20,2453014
2020-02-21,2483037
2020-02-22,1482987
2020-02-23,1148320
2020-02-24,2336014
2020-02-25,2409436
2020-02-26,2469863
2020-02-27,2476205
2020-02-28,2327246
2020-02-29,1417094
2020-03-01,1103544
2020-03-02,2094381
2020-03-03,2328408
2020-03-04,2361084
2020-03-05,2364201
2020-03-06,2409175
2020-03-07,1421275
2020-03-08,1082280
2020-03-09,2184494
2020-03-10,1941318
2020-03-11,1493067
2020-03-12,1204811
2020-03-13,891359
2020-03-14,237058
2020-03-15,131999
2020-03-16,340361
2020-03-17,286759
2020-03-18,267941
2020-03-19,255728
2020-03-20,248785
2020-03-21,111275
2020-03-22,82578
2020-03-23,228622
2020-03-24,213798
2020-03-25,209660
2020-03-26,201872
2020-03-27,206521
2020-03-28,103016
2020-03-29,78847
2020-03-30,169388
2020-03-31,161421
2020-04-01,160880
2020-04-02,158811
2020-04-03,164230
2020-04-04,95085
2020-04-05,69491
2020-04-06,160183
2020-04-07,156955
2020-04-08,162846
2020-04-09,87104
2020-04-10,80010
2020-04-11,95096
2020-04-12,71303
2020-04-13,195844
2020-04-14,201056
2020-04-15,201270
2020-04-16,202170
2020-04-17,207031
2020-04-18,106351
2020-04-19,75589
2020-04-20,217483
2020-04-21,209253
2020-04-22,214394
2020-04-23,212726
2020-04-24,220906
2020-04-25,111454
2020-04-26,78917
2020-04-27,235174
2020-04-28,231307
2020-04-29,236134
2020-04-30,246161
2020-05-01,99818
2020-05-02,118289
2020-05-03,96776
2020-05-04,294423
2020-05-05,293779
2020-05-06,300137
2020-05-07,301533
2020-05-08,313005
2020-05-09,165485
2020-05-10,110214
2020-05-11,352601
2020-05-12,348277
2020-05-13,351930
2020-05-14,354360
2020-05-15,182482
2020-05-16,176116
2020-05-17,119260
2020-05-18,394601
2020-05-19,391805
2020-05-20,400835
2020-05-21,402665
2020-05-22,411390
2020-05-23,219025
2020-05-24,145305
2020-05-25,519619
2020-05-26,517399
2020-05-27,533352
2020-05-28,538938
2020-05-29,565236
2020-05-30,373523
2020-05-31,251832
2020-06-01,612571
2020-06-02,620371
2020-06-03,641984
2020-06-04,644203
2020-06-05,678483
2020-06-06,441489
2020-06-07,301483
2020-06-08,728914
2020-06-09,751619
2020-06-10,771785
2020-06-11,787486
2020-06-12,823743
2020-06-13,563690
2020-06-14,408068
2020-06-15,811945
2020-06-16,837197
2020-06-17,855516
2020-06-18,862428
2020-06-19,900805
2020-06-20,610109
2020-06-21,443576
2020-06-22,898423
2020-06-23,929931
2020-06-24,937048
2020-06-25,955173
2020-06-26,951475
2020-06-27,617939
2020-06-28,465387
2020-06-29,942815
2020-06-30,982369
2020-07-01,1003355
2020-07-02,1013228
2020-07-03,1018714
2020-07-04,655653
2020-07-05,490416
2020-07-06,984555
2020-07-07,1011054
2020-07-08,1024164
2020-07-09,1043914
2020-07-10,1013907
2020-07-11,647001
2020-07-12,484300
2020-07-13,981127
2020-07-14,1009683
2020-07-15,1028519
2020-07-16,1008433
2020-07-17,990202
2020-07-18,634668
2020-07-19,478423
2020-07-20,953319
2020-07-21,966154
2020-07-22,988032
2020-07-23,981501
2020-07-24,956879
2020-07-25,607785
2020-07-26,460784
2020-07-27,908291
2020-07-28,933582
2020-07-29,940971
2020-07-30,934075
2020-07-31,913071
2020-08-01,573729
2020-08-02,440904
2020-08-03,813809
2020-08-04,824245
2020-08-05,828097
2020-08-06,816293
2020-08-07,796904
2020-08-08,526574
2020-08-09,409829
2020-08-10,725236
2020-08-11,703837
2020-08-12,764887
2020-08-13,750920
2020-08-14,731726
2020-08-15,466361
2020-08-16,403887
2020-08-17,712130
2020-08-18,726264
2020-08-19,733346
2020-08-20,726383
2020-08-21,720770
2020-08-22,491107
2020-08-23,388660
2020-08-24,732897
2020-08-25,751971
2020-08-26,765876
2020-08-27,767110
2020-08-28,780262
2020-08-29,546000
2020-08-30,438446
2020-08-31,848548
2020-09-01,944451
2020-09-02,981357
2020-09-03,996494
2020-09-04,1000749
2020-09-05,646777
2020-09-06,490685
2020-09-07,1020995
2020-09-08,1052196
2020-09-09,1085516
2020-09-10,1081519
2020-09-11,1096045
2020-09-12,687270
2020-09-13,506331
2020-09-14,1061370
2020-09-15,1095261
2020-09-16,1121690
2020-09-17,1115162
2020-09-18,1108187
2020-09-19,653593
2020-09-20,488594
2020-09-21,1043490
2020-09-22,1061552
2020-09-23,1059493
2020-09-24,1060329
2020-09-25,1093328
2020-09-26,598413
2020-09-27,431210
2020-09-28,1065894
2020-09-29,1094521
2020-09-30,1118808
2020-10-01,1144697
2020-10-02,1155929
2020-10-03,574285
2020-10-04,404142
2020-10-05,1097691
2020-10-06,1125170
2020-10-07,1135683
2020-10-08,1149097
2020-10-09,1163126
2020-10-10,640590
2020-10-11,481157
2020-10-12,472877
2020-10-13,1149772
2020-10-14,1168887
2020-10-15,1174114
2020-10-16,1201871
2020-10-17,670384
2020-10-18,470323
2020-10-19,1142154
2020-10-20,1156129
2020-10-21,1166938
2020-10-22,1184720
2020-10-23,1215652
2020-10-24,695330
2020-10-25,469221
2020-10-26,1155001
2020-10-27,1177771
2020-10-28,1184170
2020-10-29,1200467
2020-10-30,1215265
2020-10-31,724194
2020-11-01,527443
2020-11-02,506067
2020-11-03,1189133
2020-11-04,1207659
2020-11-05,1212456
2020-11-06,1248090
2020-11-07,719227
2020-11-08,554747
2020-11-09,579935
2020-11-10,1213677
2020-11-11,1220615
2020-11-12,1229811
2020-11-13,1280194
2020-11-14,724403
2020-11-15,514818
2020-11-16,1175885
2020-11-17,1216426
2020-11-18,1228046
2020-11-19,1243608
2020-11-20,1298982
2020-11-21,792885
2020-11-22,559652
2020-11-23,1202594
2020-11-24,1237708
2020-11-25,1260478
2020-11-26,1271802
2020-11-27,1366796
2020-11-28,869949
2020-11-29,603246
2020-11-30,1236880
2020-12-01,1273694
2020-12-02,1294837
2020-12-03,1296319
2020-12-04,1344271
2020-12-05,856006
2020-12-06,680234
2020-12-07,694461
2020-12-08,614932
2020-12-09,1283227
2020-12-10,1287808
2020-12-11,1353133
2020-12-12,877645
2020-12-13,609586
2020-12-14,1248999
2020-12-15,1288953
2020-12-16,1297612
2020-12-17,1311970
2020-12-18,1365400
2020-12-19,837751
2020-12-20,649783
2020-12-21,1237376
2020-12-22,1252561
2020-12-23,1115541
2020-12-24,624284
2020-12-25,326374
2020-12-26,691935
2020-12-27,557787
2020-12-28,986776
2020-12-29,1014723
2020-12-30,1024067
2020-12-31,634458
2021-01-01,313191
2021-01-02,671916
2021-01-03,562478
2021-01-04,1012288
2021-01-05,1001453
2021-01-06,434524
2021-01-07,999343
2021-01-08,1126789
2021-01-09,423189
2021-01-10,578572
2021-01-11,1105650
2021-01-12,1166126
2021-01-13,1260145
2021-01-14,1277080
2021-01-15,1357948
2021-01-16,952719
2021-01-17,664230
2021-01-18,1195304
2021-01-19,1144791
2021-01-20,1189847
2021-01-21,1241392
2021-01-22,1248988
2021-01-23,713110
2021-01-24,510411
2021-01-25,1167951
2021-01-26,1170147
2021-01-27,1177497
2021-01-28,1167049
2021-01-29,1203655
2021-01-30,716812
2021-01-31,513534
2021-02-01,1171109
2021-02-02,1183722
2021-02-03,1198254
2021-02-04,1211576
2021-02-05,1259979
2021-02-06,732184
2021-02-07,590302
2021-02-08,1195870
2021-02-09,1198898
2021-02-10,1235415
2021-02-11,1238172
2021-02-12,1282391
2021-02-13,800285
2021-02-14,624127
2021-02-15,1205142
2021-02-16,1231313
2021-02-17,1252500
2021-02-18,1288811
2021-02-19,1224357
2021-02-20,814528
2021-02-21,567170
2021-02-22,1116105
2021-02-23,1255243
2021-02-24,1273649
2021-02-25,1293693
2021-02-26,1349317
2021-02-27,871450
2021-02-28,632654
2021-03-01,1245338
2021-03-02,1282532
2021-03-03,1307805
2021-03-04,1323446
2021-03-05,1386352
2021-03-06,887017
2021-03-07,626481
2021-03-08,1255507
2021-03-09,1295268
2021-03-10,1321207
2021-03-11,1328486
2021-03-12,1395085
2021-03-13,899079
2021-03-14,641733
2021-03-15,1275224
2021-03-16,1309859
2021-03-17,1336241
2021-03-18,1403046
2021-03-19,744229
2021-03-20,834157
2021-03-21,611133
2021-03-22,1263231
2021-03-23,1304013
2021-03-24,1324952
2021-03-25,1354419
2021-03-26,1267714
2021-03-27,842165
2021-03-28,623670
2021-03-29,1090004
2021-03-30,1114332
2021-03-31,1149558
2021-04-01,681309
2021-04-02,588480
2021-04-03,727579
2021-04-04,627004
2021-04-05,1100890
2021-04-06,1302106
2021-04-07,1330484
2021-04-08,1339385
2021-04-09,1377178
2021-04-10,864823
2021-04-11,639718
2021-04-12,1306582
2021-04-13,1319944
2021-04-14,1340825
2021-04-15,1349945
2021-04-16,1412476
2021-04-17,899842
2021-04-18,643137
2021-04-19,1291799
2021-04-20,1317424
2021-04-21,1345168
2021-04-22,1353120
2021-04-23,1420145
2021-04-24,887925
2021-04-25,568631
2021-04-26,1289696
2021-04-27,1324322
2021-04-28,1343076
2021-04-29,1370727
2021-04-30,1434935
2021-05-01,784418
2021-05-02,700375
2021-05-03,676887
2021-05-04,1207497
2021-05-05,1382951
2021-05-06,1406184
2021-05-07,1454079
2021-05-08,934484
2021-05-09,609964
2021-05-10,1337110
2021-05-11,1366367
2021-05-12,1388196
2021-05-13,1399774
2021-05-14,1448970
2021-05-15,871640
2021-05-16,663462
2021-05-17,1328657
2021-05-18,1371402
2021-05-19,1409111
2021-05-20,1421276
2021-05-21,1464257
2021-05-22,906929
2021-05-23,635428
2021-05-24,1335058
2021-05-25,1378828
2021-05-26,1399485
2021-05-27,1410766
2021-05-28,1467848
2021-05-29,922855
2021-05-30,675796
2021-05-31,1350755
2021-06-01,1385800
2021-06-02,1432631
2021-06-03,1447297
2021-06-04,1507133
2021-06-05,887935
2021-06-06,742994
2021-06-07,1366570
2021-06-08,1409811
2021-06-09,1458062
2021-06-10,1488675
2021-06-11,1490411
2021-06-12,930144
2021-06-13,724167
2021-06-14,1369137
2021-06-15,1417019
2021-06-16,1447916
2021-06-17,1420805
2021-06-18,1455185
2021-06-19,925546
2021-06-20,672409
2021-06-21,1363601
2021-06-22,1380156
2021-06-23,1408327
2021-06-24,1420879
2021-06-25,1424768
2021-06-26,910430
2021-06-27,699826
2021-06-28,1336769
2021-06-29,1377062
2021-06-30,1406028
2021-07-01,1419132
2021-07-02,1377289
2021-07-03,911001
2021-07-04,691402
2021-07-05,1314100
2021-07-06,1329222
2021-07-07,1350092
2021-07-08,1345444
2021-07-09,1315449
2021-07-10,827400
2021-07-11,627522
2021-07-12,1243682
2021-07-13,1279103
2021-07-14,1289229
2021-07-15,1274092
2021-07-16,1260440
2021-07-17,809226
2021-07-18,624873
2021-07-19,1180156
2021-07-20,1201312
2021-07-21,1212405
2021-07-22,1201615
2021-07-23,1172225
2021-07-24,754090
2021-07-25,595873
2021-07-26,1118945
2021-07-27,1141699
2021-07-28,1160104
2021-07-29,1144689
2021-07-30,1129502
2021-07-31,740134
2021-08-01,580265
2021-08-02,972136
2021-08-03,979476
2021-08-04,986638
2021-08-05,971017
2021-08-06,960730
2021-08-07,664370
2021-08-08,542607
2021-08-09,895489
2021-08-10,911561
2021-08-11,908161
2021-08-12,890721
2021-08-13,882456
2021-08-14,591975
2021-08-15,496122
2021-08-16,853429
2021-08-17,886411
2021-08-18,897583
2021-08-19,890181
2021-08-20,893404
2021-08-21,629736
2021-08-22,526785
2021-08-23,901331
2021-08-24,933286
2021-08-25,952826
2021-08-26,968085
2021-08-27,981061
2021-08-28,695396
2021-08-29,588922
2021-08-30,1048434
2021-08-31,1118508
2021-09-01,1169432
2021-09-02,1253942
2021-09-03,1283111
2021-09-04,887003
2021-09-05,713033
2021-09-06,1342306
2021-09-07,1410219
2021-09-08,1486058
2021-09-09,1486432
2021-09-10,1554467
2021-09-11,989662
2021-09-12,780942
2021-09-13,1488925
2021-09-14,1526256
2021-09-15,1604257
2021-09-16,1623524
2021-09-17,1713990
2021-09-18,1094829
2021-09-19,789044
2021-09-20,1561425
2021-09-21,1638811
2021-09-22,1657451
2021-09-23,1671148
2021-09-24,1706212
2021-09-25,1144446
2021-09-26,918593
2021-09-27,1604276
2021-09-28,1668444
2021-09-29,1692513
2021-09-30,1753716
2021-10-01,1827392
2021-10-02,1192814
2021-10-03,743715
2021-10-04,1728231
2021-10-05,1792689
2021-10-06,1799435
2021-10-07,1843927
2021-10-08,1865046
2021-10-09,1154149
2021-10-10,909222
2021-10-11,1426086
2021-10-12,936151
2021-10-13,1753195
2021-10-14,1781831
2021-10-15,1855026
2021-10-16,1122602
2021-10-17,820836
2021-10-18,1726650
2021-10-19,1828873
2021-10-20,1821753
2021-10-21,1837288
2021-10-22,1926295
2021-10-23,1182761
2021-10-24,902773
2021-10-25,1748405
2021-10-26,1807052
2021-10-27,1861593
2021-10-28,1874169
2021-10-29,1914764
2021-10-30,1172994
2021-10-31,1044574
2021-11-01,828985
2021-11-02,1814503
2021-11-03,1886292
2021-11-04,1897711
2021-11-05,1966789
2021-11-06,1223247
2021-11-07,866812
2021-11-08,1683080
2021-11-09,1002077
2021-11-10,1871668
2021-11-11,1896963
2021-11-12,1960732
2021-11-13,1259252
2021-11-14,915756
2021-11-15,1780418
2021-11-16,1853922
2021-11-17,1892598
2021-11-18,1906227
2021-11-19,1975246
2021-11-20,1229420
2021-11-21,873151
2021-11-22,1801519
2021-11-23,1856527
2021-11-24,1946439
2021-11-25,1946450
2021-11-26,2093606
2021-11-27,1379040
2021-11-28,988795
2021-11-29,1832276
2021-11-30,1898933
2021-12-01,1945507
2021-12-02,1940653
2021-12-03,1975640
2021-12-04,1295051
2021-12-05,1130519
2021-12-06,1087150
2021-12-07,1480643
2021-12-08,909094
2021-12-09,1832734
2021-12-10,1944155
2021-12-11,1336916
2021-12-12,961209
2021-12-13,1796669
2021-12-14,1851938
2021-12-15,1868697
2021-12-16,1869975
2021-12-17,1936112
2021-12-18,1304250
2021-12-19,963084
2021-12-20,1677640
2021-12-21,1655981
2021-12-22,1584645
2021-12-23,1357496
2021-12-24,748566
2021-12-25,391310
2021-12-26,659921
2021-12-27,1223408
2021-12-28,1243553
2021-12-29,1258557
2021-12-30,1231547
2021-12-31,824900
2022-01-01,462810
2022-01-02,771452
2022-01-03,1215838
2022-01-04,1229268
2022-01-05,1247284
2022-01-06,584018
2022-01-07,1216316
2022-01-08,935327
2022-01-09,696151
2022-01-10,1459925
2022-01-11,1484618
2022-01-12,1526986
2022-01-13,1532587
2022-01-14,1623135
2022-01-15,1023334
2022-01-16,737797
2022-01-17,1526738
2022-01-18,1568980
2022-01-19,1593770
2022-01-20,1626209
2022-01-21,1709957
2022-01-22,1120905
2022-01-23,809856
2022-01-24,1590679
2022-01-25,1629201
2022-01-26,1667265
2022-01-27,1692908
2022-01-28,1726192
2022-01-29,1152896
2022-01-30,843258
2022-01-31,1658084
2022-02-01,1733921
2022-02-02,1777276
2022-02-03,1784489
2022-02-04,1855350
2022-02-05,1201754
2022-02-06,884603
2022-02-07,1717964
2022-02-08,1781289
2022-02-09,1811264
2022-02-10,1824840
2022-02-11,1851245
2022-02-12,1191748
2022-02-13,876767
2022-02-14,1814637
2022-02-15,1823785
2022-02-16,1874874
2022-02-17,1859256
2022-02-18,1924586
2022-02-19,1211741
2022-02-20,908705
2022-02-21,1767839
2022-02-22,1849255
2022-02-23,1929342
2022-02-24,1923870
2022-02-25,1760900
2022-02-26,1209519
2022-02-27,978275
2022-02-28,1682724
2022-03-01,1879556
2022-03-02,1916782
2022-03-03,1921932
2022-03-04,2000417
2022-03-05,1316800
2022-03-06,934467
2022-03-07,1824495
2022-03-08,1957443
2022-03-09,1979708
2022-03-10,1953673
2022-03-11,2017924
2022-03-12,1312236
2022-03-13,932016
2022-03-14,1776269
2022-03-15,1859321
2022-03-16,1880659
2022-03-17,1924301
2022-03-18,1961555
2022-03-19,1210512
2022-03-20,976854
2022-03-21,1820197
2022-03-22,1890545
2022-03-23,1924882
2022-03-24,1933565
2022-03-25,2001798
2022-03-26,1257393
2022-03-27,890545
2022-03-28,1815405
2022-03-29,1896777
2022-03-30,1914170
2022-03-31,1961921
2022-04-01,2046149
2022-04-02,1338557
2022-04-03,972588
2022-04-04,1855012
2022-04-05,1932347
2022-04-06,1959321
2022-04-07,2014682
2022-04-08,1795314
2022-04-09,1178811
2022-04-10,936196
2022-04-11,1446512
2022-04-12,1473356
2022-04-13,1459898
2022-04-14,928773
2022-04-15,916560
2022-04-16,954743
2022-04-17,866621
2022-04-18,1475879
2022-04-19,1848191
2022-04-20,1917170
2022-04-21,1958254
2022-04-22,1996209
2022-04-23,1239888
2022-04-24,1076262
2022-04-25,1872050
2022-04-26,1938443
2022-04-27,1938757
2022-04-28,1955923
2022-04-29,1964593
2022-04-30,1271650
2022-05-01,985507
2022-05-02,834814
2022-05-03,1895042
2022-05-04,2024859
2022-05-05,1975871
2022-05-06,2030679
2022-05-07,1301644
2022-05-08,1040697
2022-05-09,1844744
2022-05-10,1911823
2022-05-11,1940803
2022-05-12,1958931
2022-05-13,1970480
2022-05-14,1254586
2022-05-15,1118474
2022-05-16,966107
2022-05-17,1853063
2022-05-18,1921105
2022-05-19,1917626
2022-05-20,1966876
2022-05-21,1236373
2022-05-22,910402
2022-05-23,1789163
2022-05-24,1866424
2022-05-25,1911960
2022-05-26,1929134
2022-05-27,1976569
2022-05-28,1330875
2022-05-29,1048077
2022-05-30,1768804
2022-05-31,1855063
2022-06-01,1925523
2022-06-02,1903963
2022-06-03,1935592
2022-06-04,1291689
2022-06-05,971067
2022-06-06,1758842
2022-06-07,1828148
2022-06-08,1867492
2022-06-09,1918061
2022-06-10,1893710
2022-06-11,1181782
2022-06-12,902508
2022-06-13,1732446
2022-06-14,1798914
2022-06-15,1816681
2022-06-16,1801507
2022-06-17,1793437
2022-06-18,1128556
2022-06-19,894341
2022-06-20,1709810
2022-06-21,1789747
2022-06-22,1814066
2022-06-23,1811766
2022-06-24,1812440
2022-06-25,1169026
2022-06-26,928736
2022-06-27,1676631
2022-06-28,1729252
2022-06-29,1718706
2022-06-30,1695893
2022-07-01,1714185
2022-07-02,1110726
2022-07-03,872759
2022-07-04,1606911
2022-07-05,1680135
2022-07-06,1737641
2022-07-07,1739770
2022-07-08,1713951
2022-07-09,1215461
2022-07-10,859851
2022-07-11,1530261
2022-07-12,1582686
2022-07-13,1598287
2022-07-14,1570009
2022-07-15,1518025
2022-07-16,952127
2022-07-17,764043
2022-07-18,1440862
2022-07-19,1514362
2022-07-20,1520075
2022-07-21,1479784
2022-07-22,1402653
2022-07-23,875584
2022-07-24,708432
2022-07-25,748725
2022-07-26,1409695
2022-07-27,1446375
2022-07-28,1437197
2022-07-29,1397686
2022-07-30,883914
2022-07-31,726704
2022-08-01,1207774
2022-08-02,1229273
2022-08-03,1235071
2022-08-04,1217197
2022-08-05,1191529
2022-08-06,822372
2022-08-07,663805
2022-08-08,1094532
2022-08-09,1129987
2022-08-10,1139092
2022-08-11,1121639
2022-08-12,1090118
2022-08-13,738591
2022-08-14,663450
2022-08-15,667350
2022-08-16,1058244
2022-08-17,1083789
2022-08-18,1088431
2022-08-19,1077538
2022-08-20,763279
2022-08-21,670092
2022-08-22,1078476
2022-08-23,1123292
2022-08-24,1146362
2022-08-25,1150015
2022-08-26,1143911
2022-08-27,823440
2022-08-28,694879
2022-08-29,1194334
2022-08-30,1279811
2022-08-31,1320521
2022-09-01,1523575
2022-09-02,1566537
2022-09-03,1108337
2022-09-04,906879
2022-09-05,1673810
2022-09-06,1751534
2022-09-07,1814836
2022-09-08,1838723
2022-09-09,1872814
2022-09-10,1210594
2022-09-11,1018710
2022-09-12,1830377
2022-09-13,1908133
2022-09-14,1990864
2022-09-15,1996397
2022-09-16,2025078
2022-09-17,1267621
2022-09-18,1019621
2022-09-19,1888503
2022-09-20,2005609
2022-09-21,2040418
2022-09-22,2065571
2022-09-23,2100649
2022-09-24,1354281
2022-09-25,1008900
2022-09-26,1962248
2022-09-27,2043404
2022-09-28,2087494
2022-09-29,2097948
2022-09-30,2174158
2022-10-01,1374937
2022-10-02,1098704
2022-10-03,2006636
2022-10-04,2149284
2022-10-05,2194744
2022-10-06,2176753
2022-10-07,2190373
2022-10-08,1425455
2022-10-09,1105653
2022-10-10,2000492
2022-10-11,2207106
2022-10-12,1319639
2022-10-13,2090003
2022-10-14,2162694
2022-10-15,1369511
2022-10-16,1042210
2022-10-17,2016357
2022-10-18,2139824
2022-10-19,2138181
2022-10-20,2143154
2022-10-21,2200047
2022-10-22,1445815
2022-10-23,1002787
2022-10-24,2042552
2022-10-25,2132956
2022-10-26,2212228
2022-10-27,2166630
2022-10-28,2197036
2022-10-29,1399314
2022-10-30,1164046
2022-10-31,1760882
2022-11-01,1003866
2022-11-02,2154633
2022-11-03,2181334
2022-11-04,2236790
2022-11-05,1435472
2022-11-06,1073297
2022-11-07,2061885
2022-11-08,2220738
2022-11-09,1181138
2022-11-10,2207742
2022-11-11,2224172
2022-11-12,1376978
2022-11-13,1177223
2022-11-14,2060723
2022-11-15,2145743
2022-11-16,2194695
2022-11-17,2201942
2022-11-18,2281973
2022-11-19,1474343
2022-11-20,1067975
2022-11-21,2046260
2022-11-22,2147064
2022-11-23,2162657
2022-11-24,2273825
2022-11-25,2370749
2022-11-26,1583404
2022-11-27,1146575
2022-11-28,2093361
2022-11-29,2167511
2022-11-30,2209595
2022-12-01,2241097
2022-12-02,2278008
2022-12-03,1524308
2022-12-04,1126144
2022-12-05,1798391
2022-12-06,1128357
2022-12-07,1898990
2022-12-08,1073926
2022-12-09,1975734
2022-12-10,1546319
2022-12-11,995696
2022-12-12,2065939
2022-12-13,2139639
2022-12-14,2207941
2022-12-15,2245720
2022-12-16,2381518
2022-12-17,1747737
2022-12-18,1230413
2022-12-19,2140873
2022-12-20,2216330
2022-12-21,2281969
2022-12-22,2186117
2022-12-23,1872823
2022-12-24,846405
2022-12-25,650080
2022-12-26,1160089
2022-12-27,1781695
2022-12-28,1834972
2022-12-29,1818171
2022-12-30,1762461
2022-12-31,1042777
2023-01-01,685684
2023-01-02,1581661
2023-01-03,1781186
2023-01-04,1846531
2023-01-05,1842966
2023-01-06,894382
2023-01-07,1257660
2023-01-08,977910
2023-01-09,1941128
2023-01-10,2018250
2023-01-11,2062881
2023-01-12,2080654
2023-01-13,2162687
2023-01-14,1428270
2023-01-15,1021255
2023-01-16,1992037
2023-01-17,2064856
2023-01-18,2120175
2023-01-19,2155218
2023-01-20,2226792
2023-01-21,1616122
2023-01-22,1115808
2023-01-23,2042669
2023-01-24,2123716
2023-01-25,2152328
2023-01-26,2214718
2023-01-27,2180472
2023-01-28,1477965
2023-01-29,1124644
2023-01-30,2069172
2023-01-31,2154530
2023-02-01,2227992
2023-02-02,2252162
2023-02-03,2288146
2023-02-04,1542933
2023-02-05,1143835
2023-02-06,2124266
2023-02-07,2210349
2023-02-08,2241168
2023-02-09,2247684
2023-02-10,2319375
2023-02-11,1534496
2023-02-12,1239238
2023-02-13,2124337
2023-02-14,2285902
2023-02-15,2263581
2023-02-16,2270821
2023-02-17,2298769
2023-02-18,1523780
2023-02-19,1178459
2023-02-20,2127223
2023-02-21,2213414
2023-02-22,2252200
2023-02-23,2300710
2023-02-24,2177381
2023-02-25,1545510
2023-02-26,1190953
2023-02-27,1978790
2023-02-28,2226948
2023-03-01,2262138
2023-03-02,2297067
2023-03-03,2322129
2023-03-04,1586337
2023-03-05,1098456
2023-03-06,2125026
2023-03-07,2224215
2023-03-08,2293231
2023-03-09,2239495
2023-03-10,2322986
2023-03-11,1581988
2023-03-12,1190784
2023-03-13,2134969
2023-03-14,2238356
2023-03-15,2311812
2023-03-16,2263120
2023-03-17,2277620
2023-03-18,1501921
2023-03-19,1143689
2023-03-20,1056847
2023-03-21,2192589
2023-03-22,2268540
2023-03-23,2290906
2023-03-24,2367644
2023-03-25,1594228
2023-03-26,1199293
2023-03-27,2144077
2023-03-28,2259452
2023-03-29,2283366
2023-03-30,2320926
2023-03-31,2095266
2023-04-01,1406590
2023-04-02,1195604
2023-04-03,1702170
2023-04-04,1714146
2023-04-05,1649991
2023-04-06,1099316
2023-04-07,1089598
2023-04-08,1170396
2023-04-09,1022443
2023-04-10,1754625
2023-04-11,2179178
2023-04-12,2308419
2023-04-13,2305672
2023-04-14,2370108
2023-04-15,1591272
2023-04-16,1201331
2023-04-17,2165635
2023-04-18,2265823
2023-04-19,2307259
2023-04-20,2317922
2023-04-21,2354803
2023-04-22,1584022
2023-04-23,1334590
2023-04-24,2171294
2023-04-25,2272945
2023-04-26,2347068
2023-04-27,2307431
2023-04-28,2252878
2023-04-29,1431071
2023-04-30,1222359
2023-05-01,1095920
2023-05-02,1075225
2023-05-03,2231346
2023-05-04,2266876
2023-05-05,2333841
2023-05-06,1524095
2023-05-07,1179225
2023-05-08,2137725
2023-05-09,2278102
2023-05-10,2289611
2023-05-11,2283880
2023-05-12,2305597
2023-05-13,1535103
2023-05-14,1261751
2023-05-15,1270727
2023-05-16,2151442
2023-05-17,2242036
2023-05-18,2226216
2023-05-19,2274101
2023-05-20,1485359
2023-05-21,1122868
2023-05-22,2076995
2023-05-23,2162488
2023-05-24,2231310
2023-05-25,2220387
2023-05-26,2226409
2023-05-27,1485007
2023-05-28,1114827
2023-05-29,2030198
2023-05-30,2143713
2023-05-31,2224335
2023-06-01,2184890
2023-06-02,2236991
2023-06-03,1566936
2023-06-04,1228403
2023-06-05,2060111
2023-06-06,2166539
2023-06-07,2202309
2023-06-08,2221302
2023-06-09,2283832
2023-06-10,1519958
2023-06-11,1196402
2023-06-12,2029220
2023-06-13,2119024
2023-06-14,2168022
2023-06-15,2175841
2023-06-16,2154495
2023-06-17,1449952
2023-06-18,1097563
2023-06-19,1995085
2023-06-20,2099487
2023-06-21,2132956
2023-06-22,2160838
2023-06-23,2085420
2023-06-24,1350071
2023-06-25,1057962
2023-06-26,1930376
2023-06-27,1988658
2023-06-28,2059652
2023-06-29,2064761
2023-06-30,2080434
2023-07-01,1492621
2023-07-02,1098411
2023-07-03,1850898
2023-07-04,1907155
2023-07-05,1937223
2023-07-06,1943537
2023-07-07,1878842
2023-07-08,1268356
2023-07-09,984277
2023-07-10,1762535
2023-07-11,1818676
2023-07-12,1843183
2023-07-13,1838211
2023-07-14,1804427
2023-07-15,1243241
2023-07-16,960502
2023-07-17,1669025
2023-07-18,1754997
2023-07-19,1745018
2023-07-20,1739075
2023-07-21,1686320
2023-07-22,1152236
2023-07-23,935984
2023-07-24,1595899
2023-07-25,1651766
2023-07-26,1677090
2023-07-27,1640880
2023-07-28,1583712
2023-07-29,1087656
2023-07-30,867870
2023-07-31,1436687
2023-08-01,1417900
2023-08-02,1412359
2023-08-03,1402627
2023-08-04,1381633
2023-08-05,977617
2023-08-06,793101
2023-08-07,1265729
2023-08-08,1291204
2023-08-09,1271405
2023-08-10,1267427
2023-08-11,1247796
2023-08-12,889524
2023-08-13,754380
2023-08-14,1137717
2023-08-15,810744
2023-08-16,1219177
2023-08-17,1213174
2023-08-18,1210669
2023-08-19,878778
2023-08-20,739665
2023-08-21,1221361
2023-08-22,1244390
2023-08-23,1268467
2023-08-24,1265916
2023-08-25,1271755
2023-08-26,935883
2023-08-27,821735
2023-08-28,1368053
2023-08-29,1450578
2023-08-30,1508673
2023-08-31,1548201
2023-09-01,1647442
2023-09-02,1161415
2023-09-03,730164
2023-09-04,1644465
2023-09-05,1879932
2023-09-06,1938001
2023-09-07,1966682
2023-09-08,1990211
2023-09-09,1309922
2023-09-10,1071563
2023-09-11,2019452
2023-09-12,2082566
2023-09-13,2152856
2023-09-14,2131675
2023-09-15,2131463
2023-09-16,1376331
2023-09-17,1090924
2023-09-18,2082271
2023-09-19,2180588
2023-09-20,2254678
2023-09-21,2217978
2023-09-22,2290592
2023-09-23,1496399
2023-09-24,1256982
2023-09-25,2107942
2023-09-26,2197540
2023-09-27,2289592
2023-09-28,2259514
2023-09-29,2325264
2023-09-30,1537369
2023-10-01,1193009
2023-10-02,2175962
2023-10-03,2307348
2023-10-04,2400828
2023-10-05,2373242
2023-10-06,2409040
2023-10-07,1673218
2023-10-08,1255611
2023-10-09,2218285
2023-10-10,2322792
2023-10-11,2448921
2023-10-12,1536615
2023-10-13,1954570
2023-10-14,1471207
2023-10-15,1100573
2023-10-16,2156159
2023-10-17,2262592
2023-10-18,2307953
2023-10-19,2210730
2023-10-20,2369929
2023-10-21,1547281
2023-10-22,1164478
2023-10-23,2231164
2023-10-24,2320055
2023-10-25,2347255
2023-10-26,2320317
2023-10-27,2462469
2023-10-28,1660335
2023-10-29,1220955
2023-10-30,2246220
2023-10-31,2560399
2023-11-01,1170046
2023-11-02,2254306
2023-11-03,2373137
2023-11-04,1508999
2023-11-05,1217034
2023-11-06,2272864
2023-11-07,2414631
2023-11-08,2493936
2023-11-09,1391673
2023-11-10,2236372
2023-11-11,1560859
2023-11-12,1298006
2023-11-13,2221324
2023-11-14,2323616
2023-11-15,2365950
2023-11-16,2371757
2023-11-17,2455244
2023-11-18,1739314
2023-11-19,1225676
2023-11-20,2241001
2023-11-21,2355780
2023-11-22,2397443
2023-11-23,2479058
2023-11-24,2534026
2023-11-25,1836108
2023-11-26,1278494
2023-11-27,2320842
2023-11-28,2387645
2023-11-29,2439909
2023-11-30,2405327
2023-12-01,2562692
2023-12-02,1887287
2023-12-03,1310762
2023-12-04,2267161
2023-12-05,2447870
2023-12-06,1503212
2023-12-07,1857965
2023-12-08,1617686
2023-12-09,1588364
2023-12-10,1145499
2023-12-11,2242209
2023-12-12,2370074
2023-12-13,2479214
2023-12-14,2468457
2023-12-15,2587679
2023-12-16,1866313
2023-12-17,1388460
2023-12-18,2325777
2023-12-19,2424413
2023-12-20,2437391
2023-12-21,2432377
2023-12-22,2272102
2023-12-23,1506599
2023-12-24,845662
2023-12-25,669494
2023-12-26,1782567
2023-12-27,1900989
2023-12-28,1906391
2023-12-29,1867870
2023-12-30,1437815
2023-12-31,1024351
2024-01-01,724179
2024-01-02,1723388
2024-01-03,1862751
2024-01-04,1865744
2024-01-05,1940825
2024-01-06,984441
2024-01-07,1093946
2024-01-08,2041458
2024-01-09,2124018
2024-01-10,2171720
2024-01-11,2198526
2024-01-12,2275519
2024-01-13,1518823
2024-01-14,1057265
2024-01-15,2101543
2024-01-16,2187259
2024-01-17,2224445
2024-01-18,2289609
2024-01-19,2271856
2024-01-20,1614987
2024-01-21,1207860
2024-01-22,2172729
2024-01-23,2269893
2024-01-24,2330282
2024-01-25,2397125
2024-01-26,2362298
2024-01-27,1673097
2024-01-28,1303618
2024-01-29,2174623
2024-01-30,2326674
2024-01-31,2386285
2024-02-01,2373673
2024-02-02,2435442
2024-02-03,1660742
2024-02-04,1300212
2024-02-05,2257736
2024-02-06,2355884
2024-02-07,2433945
2024-02-08,2382098
2024-02-09,2401728
2024-02-10,1714898
2024-02-11,1227914
2024-02-12,2284405
2024-02-13,2365280
2024-02-14,2478822
2024-02-15,2367001
2024-02-16,2454254
2024-02-17,1718986
2024-02-18,1251239
2024-02-19,2259006
2024-02-20,2362038
2024-02-21,2516156
2024-02-22,2274780
2024-02-23,2239583
2024-02-24,1598474
2024-02-25,1215188
2024-02-26,2301552
2024-02-27,2379233
2024-02-28,2413834
2024-02-29,2443681
2024-03-01,2499376
2024-03-02,1529535
2024-03-03,1268313
2024-03-04,2267824
2024-03-05,2385148
2024-03-06,2474988
2024-03-07,2416643
2024-03-08,2503358
2024-03-09,1642451
2024-03-10,1245914
2024-03-11,2254217
2024-03-12,2364834
2024-03-13,2435751
2024-03-14,2405087
2024-03-15,2454398
2024-03-16,1695296
2024-03-17,1290522
2024-03-18,2251418
2024-03-19,2333536
2024-03-20,2377010
2024-03-21,2421492
2024-03-22,2192418
2024-03-23,1544673
2024-03-24,1218172
2024-03-25,1723618
2024-03-26,1837898
2024-03-27,1681470
2024-03-28,1112560
2024-03-29,1067683
2024-03-30,1187986
2024-03-31,1043883
2024-04-01,1825845
2024-04-02,2275089
2024-04-03,2375060
2024-04-04,2405788
2024-04-05,2472944
2024-04-06,1703938
2024-04-07,1267324
2024-04-08,2290661
2024-04-09,2448572
2024-04-10,2470927
2024-04-11,2431426
2024-04-12,2492814
2024-04-13,1716564
2024-04-14,1280869
2024-04-15,2264789
2024-04-16,2367763
2024-04-17,2418483
2024-04-18,2420557
2024-04-19,2463068
2024-04-20,1672098
2024-04-21,1339580
2024-04-22,2311291
2024-04-23,2419797
2024-04-24,2428779
2024-04-25,2449118
2024-04-26,2489371
2024-04-27,1664249
2024-04-28,1422535
2024-04-29,2271572
2024-04-30,2401874
2024-05-01,1240630
2024-05-02,1305004
2024-05-03,1797737
2024-05-04,1481907
2024-05-05,1155582
2024-05-06,2249970
2024-05-07,2370281
2024-05-08,2507173
2024-05-09,2412405
2024-05-10,2497047
2024-05-11,1711469
2024-05-12,1377848
2024-05-13,2239453
2024-05-14,2509185
2024-05-15,1541687
2024-05-16,2335849
2024-05-17,2378977
2024-05-18,1633398
2024-05-19,1257048
2024-05-20,2204795
2024-05-21,2310070
2024-05-22,2342460
2024-05-23,2343460
2024-05-24,2412371
2024-05-25,1650355
2024-05-26,1255965
2024-05-27,2207912
2024-05-28,2309454
2024-05-29,2415770
2024-05-30,2437302
2024-05-31,2438101
2024-06-01,1761673
2024-06-02,1384050
2024-06-03,2182582
2024-06-04,2292745
2024-06-05,2329228
2024-06-06,2351028
2024-06-07,2327222
2024-06-08,1558565
2024-06-09,1229869
2024-06-10,2113050
2024-06-11,2275110
2024-06-12,2317163
2024-06-13,2317870
2024-06-14,2342229
2024-06-15,1567858
2024-06-16,1258871
2024-06-17,2173786
2024-06-18,2235446
2024-06-19,2274857
2024-06-20,2243591
2024-06-21,2267206
2024-06-22,1502300
2024-06-23,1180236
2024-06-24,2050048
2024-06-25,2141018
2024-06-26,2148922
2024-06-27,2179975
2024-06-28,2142570
2024-06-29,1486358
2024-06-30,1159308
2024-07-01,1986631
2024-07-02,2059374
2024-07-03,2127213
2024-07-04,2111185
2024-07-05,2026540
2024-07-06,1514394
2024-07-07,1146703
2024-07-08,1902097
2024-07-09,1987153
2024-07-10,2012635
2024-07-11,1993749
2024-07-12,2005031
2024-07-13,1394735
2024-07-14,1227264
2024-07-15,1915321
2024-07-16,1950631
2024-07-17,1912679
2024-07-18,1848667
2024-07-19,1804462
2024-07-20,1277337
2024-07-21,1085511
2024-07-22,1812121
2024-07-23,1853498
2024-07-24,1785405
2024-07-25,1074398
2024-07-26,1534700
2024-07-27,1153982
2024-07-28,944877
2024-07-29,1616150
2024-07-30,1689064
2024-07-31,1690655
2024-08-01,1574533
2024-08-02,1519857
2024-08-03,1086868
2024-08-04,884830
2024-08-05,1412041
2024-08-06,1437138
2024-08-07,1440562
2024-08-08,1401361
2024-08-09,1382418
2024-08-10,1017887
2024-08-11,847628
2024-08-12,1314123
2024-08-13,1338635
2024-08-14,1374332
2024-08-15,963481
2024-08-16,1227609
2024-08-17,1021556
2024-08-18,836523
2024-08-19,1301768
2024-08-20,1352807
2024-08-21,1387009
2024-08-22,1354436
2024-08-23,1359875
2024-08-24,1024412
2024-08-25,945092
2024-08-26,1417128
2024-08-27,1489023
2024-08-28,1557350
2024-08-29,1507911
2024-08-30,1595123
2024-08-31,1199671
2024-09-01,1087664
2024-09-02,1808145
2024-09-03,1933075
2024-09-04,2026049
2024-09-05,2037047
2024-09-06,2047048
2024-09-07,1470915
2024-09-08,1303973
2024-09-09,2123953
2024-09-10,2265168
2024-09-11,2307650
2024-09-12,2308062
2024-09-13,2340223
2024-09-14,1514224
2024-09-15,1247839
2024-09-16,2253535
2024-09-17,2399362
2024-09-18,2388287
2024-09-19,2396401
2024-09-20,2420793
2024-09-21,1600301
2024-09-22,1230468
2024-09-23,2289921
2024-09-24,2413210
2024-09-25,2411830
2024-09-26,2437031
2024-09-27,2485476
2024-09-28,1675614
2024-09-29,1292523
2024-09-30,2307713
2024-10-01,2428829
2024-10-02,2455128
2024-10-03,2497658
2024-10-04,2535551
2024-10-05,1785599
2024-10-06,1323705
2024-10-07,2342871
2024-10-08,2457555
2024-10-09,2470400
2024-10-10,2567621
2024-10-11,2522637
2024-10-12,1549086
2024-10-13,1310908
2024-10-14,2338500
2024-10-15,2431619
2024-10-16,2470511
2024-10-17,2513021
2024-10-18,2562176
2024-10-19,1760823
2024-10-20,1319589
2024-10-21,2362891
2024-10-22,2514082
2024-10-23,2544807
2024-10-24,2517564
2024-10-25,2581212
2024-10-26,1820992
2024-10-27,1307687
2024-10-28,2477733
2024-10-29,2480424
2024-10-30,2532298
2024-10-31,2689458
2024-11-01,1474201
2024-11-02,1577024
2024-11-03,1248664
2024-11-04,2347356
2024-11-05,2506175
2024-11-06,2535716
2024-11-07,2527541
2024-11-08,2568631
2024-11-09,1727221
2024-11-10,1293345
2024-11-11,2393150
2024-11-12,2484037
2024-11-13,2478468
2024-11-14,2498651
2024-11-15,2566905
2024-11-16,1756434
2024-11-17,1317871
2024-11-18,2381845
2024-11-19,2493263
2024-11-20,2537142
2024-11-21,2544040
2024-11-22,2621743
2024-11-23,1803141
2024-11-24,1337813
2024-11-25,2379559
2024-11-26,2486822
2024-11-27,2541525
2024-11-28,2724600
2024-11-29,2783341
2024-11-30,2021444
